1,WEAP-520-3,WEAPONS - UNLAWFUL DISCHARGE/RECKLESS HANDLING,2024-11-15,0037,9400 LINDEN LEAF CT,FAIRFAX,VA,22031
1,SERV-33,SERVICE - NON DMV REPORTABLE CRASH,2024-11-15,0101,12900 FAIR LAKES SHOPPING CTR,FAIRFAX,VA,22033
1,TRES-90J-1,TRESPASSING - PRIVATE PROPERTY,2024-11-15,0039,7500 LITTLE RIVER TPKE,ANNANDALE,VA,22003
1,LARC-23-6,LARCENY - THEFT FROM MOTOR VEHICLE,2024-11-15,0030,8600 RICHMOND HWY,ALEXANDRIA,VA,22309
1,DRUNK-90Z-1,DRUNK - DRUNK/PROFANE IN PUBLIC,2024-11-15,0017,2000 CHAIN BRIDGE RD,VIENNA,VA,22182
1,LARC-23-3,LARCENY - SHOPLIFTING,2024-11-15,0145,2200 GALLOWS RD,DUNN LORING,VA,22182
1,BURG-220-3,BURGLARY/BREAKING AND ENTERING,2024-11-15,0212,11500 SUNRISE VALLEY DR,RESTON,VA,20191
1,SERV-37,SERVICE - MISSING JUVENILE,2024-11-15,0100,5400 BRADDOCK RIDGE DR,CENTREVILLE,VA,20120
1,LARC-23-6,LARCENY - THEFT FROM MOTOR VEHICLE,2024-11-15,0259,7200 HARRISON LN,ALEXANDRIA,VA,22306
1,AUTO-240-4,AUTO THEFT - AUTOS,2024-11-15,0259,7200 HARRISON LN,ALEXANDRIA,VA,22306
1,ASSLT-13B-1,ASSAULT - SIMPLE; NOT AGGRAVATED,2024-11-15,0226,8800 PINION PL,LORTON,VA,22079
1,SERV-29,SERVICE - DOMESTIC DISPUTE,2024-11-15,0303,6600 MAYFAIR DR,FALLS CHURCH,VA,22042
1,SERV-29,SERVICE - DOMESTIC DISPUTE,2024-11-15,0321,7400 LINDA LN,FALLS CHURCH,VA,22042
1,LARC-23-6,LARCENY - THEFT FROM MOTOR VEHICLE,2024-11-15,0441,2100 MONAGHAN DR,HERNDON,VA,20170
1,ASSLT-13B-1,ASSAULT - SIMPLE; NOT AGGRAVATED,2024-11-15,0530,5800 LEESBURG PIKE,FALLS CHURCH,VA,22041
1,FRAUD-26A-1,FRAUD - FALSE PRETENSES/SWINDLE/CONFIDENCE GAME,2024-11-15,1200,7500 CROSS GATE LN,ALEXANDRIA,VA,22315
1,SERV-33,SERVICE - NON DMV REPORTABLE CRASH,2024-11-15,0644,6900 TELEGRAPH RD,ALEXANDRIA,VA,22310
1,FRAUD-26A-1,FRAUD - FALSE PRETENSES/SWINDLE/CONFIDENCE GAME,2024-11-15,0757,5800 APLOMADO DR,BURKE,VA,22015
1,LARC-23-9,LARCENY -  ALL OTHER LARCENY,2024-11-15,0651,4300 CHANTILLY SHOPPING CTR,CHANTILLY,VA,20151
1,SUSP-1,SUSPICIOUS - EVENT,2024-11-15,0750,2600 VELOCITY RD,HERNDON,VA,20171
1,WARR-90Z-4,WARRANT - WARRANT SERVICE,2024-11-15,0748,13000 FAIR LAKES SHOPPING CTR,FAIRFAX,VA,22033
1,SUSP-2,SUSPICIOUS - PERSON,2024-11-15,0840,7700 LEESBURG PIKE,FALLS CHURCH,VA,22043
2,SERV-45,SRO RELATED EVENT,2024-11-15,0840,7700 LEESBURG PIKE,FALLS CHURCH,VA,22043
1,FRAUD-26C-1,FRAUD - IMPERSONATION,2024-11-15,0908,10700 SHADOW LN,FAIRFAX STATION,VA,22039
1,SUSP-1,SUSPICIOUS - EVENT,2024-11-15,0759,11900 BOWMAN TOWNE DR,RESTON,VA,20190
1,FRAUD-26C-1,FRAUD - IMPERSONATION,2024-11-15,0934,5600 COLFAX AVE,ALEXANDRIA,VA,22311
1,SERV-1,SERVICE - POLICE SERVICE,2024-11-15,0938,12000 GOVERNMENT CENTER PKWY,FAIRFAX,VA,22035
1,ANML-90Z-6,ANIMAL - ANIMAL BITE - DOMESTIC,2024-11-15,0938,11000 PELHAM MANOR PL,RESTON,VA,20194
2,ANML-90Z-3,ANIMAL - LICENSE VIOLATION,2024-11-15,0938,11000 PELHAM MANOR PL,RESTON,VA,20194
1,DISORD-90C-2,DISORDERLY - DISORDERLY CONDUCT,2024-11-15,0924,7500 RICHMOND HWY,ALEXANDRIA,VA,22306
1,LARC-23-3,LARCENY - SHOPLIFTING,2024-11-15,0842,4300 CHANTILLY SHOPPING CTR,CHANTILLY,VA,20151
2,ANML-4,ANIMAL - SERVICE - WILD,2024-11-15,0851,2500 NORTH CHAMBLISS ST,ALEXANDRIA,VA,22311
1,ANML-90Z-3,ANIMAL - LICENSE VIOLATION,2024-11-15,0851,2500 NORTH CHAMBLISS ST,ALEXANDRIA,VA,22311
2,SUSP-2,SUSPICIOUS - PERSON,2024-11-15,0845,8100 TYSONS CORNER CTR,MCLEAN,VA,22102
1,SUSP-2,SUSPICIOUS - PERSON,2024-11-15,0831,7300 ROUTE 29,FALLS CHURCH,VA,22046
1,TRES-90J-1,TRESPASSING - PRIVATE PROPERTY,2024-11-15,0927,1800 CAMERON GLEN DR,RESTON,VA,20190
1,FRAUD-26A-1,FRAUD - FALSE PRETENSES/SWINDLE/CONFIDENCE GAME,2024-11-15,1026,3700 HUNTLEY MEADOWS LN,ALEXANDRIA,VA,22306
1,ASSLT-13B-1,ASSAULT - SIMPLE; NOT AGGRAVATED,2024-11-15,0234,4900 WESTCROFT BLVD,CHANTILLY,VA,20121
1,LARC-23-6,LARCENY - THEFT FROM MOTOR VEHICLE,2024-11-15,1002,14300 UNIFORM DR,CENTREVILLE,VA,20121
1,DEST-290-2,DESTRUCTION - PRIVATE PROPERTY,2024-11-15,1000,4300 RAVENSWORTH RD,ANNANDALE,VA,22003
2,TRES-90J-1,TRESPASSING - PRIVATE PROPERTY,2024-11-15,1000,4300 RAVENSWORTH RD,ANNANDALE,VA,22003
1,ANML-90Z-3,ANIMAL - LICENSE VIOLATION,2024-11-15,0957,8200 STACEY RD,ALEXANDRIA,VA,22308
2,ANML-90Z-2,ANIMAL - RABIES CERTIFICATE VIOLATION,2024-11-15,0957,8200 STACEY RD,ALEXANDRIA,VA,22308
3,ANML-90Z-1,ANIMAL - RUNNING AT LARGE/UNRESTRICTED,2024-11-15,0957,8200 STACEY RD,ALEXANDRIA,VA,22308
2,SERV-45,SRO RELATED EVENT,2024-11-15,0730,2500 CEDAR LN,VIENNA,VA,22180
1,WEAP-520-12,WEAPONS - OTHER,2024-11-15,0730,2500 CEDAR LN,VIENNA,VA,22180
1,ASSLT-13B-1,ASSAULT - SIMPLE; NOT AGGRAVATED,2024-11-15,0939,13500 KNOTTY LOG CT,CHANTILLY,VA,20151
1,TRES-90J-1,TRESPASSING - PRIVATE PROPERTY,2024-11-15,1038,2000 CHAIN BRIDGE RD,VIENNA,VA,22182
1,SUSP-1,SUSPICIOUS - EVENT,2024-11-15,1118,8100 TIS WELL DR,ALEXANDRIA,VA,22306
1,SERV-39,SERVICE - AVI THREAT SCHOOL,2024-11-15,0950,6500 QUANDER RD,ALEXANDRIA,VA,22307
2,SERV-45,SRO RELATED EVENT,2024-11-15,0950,6500 QUANDER RD,ALEXANDRIA,VA,22307
1,LARC-23-6,LARCENY - THEFT FROM MOTOR VEHICLE,2024-11-15,1109,6300 RICHMOND HWY,ALEXANDRIA,VA,22306
1,ASSLT-13B-1,ASSAULT - SIMPLE; NOT AGGRAVATED,2024-11-15,0744,5800 ACCOMAC ST,SPRINGFIELD,VA,22150
1,DRUG-35A-13,DRUGS - OTHER,2024-11-15,1050,4700 STONECROFT BLVD,CHANTILLY,VA,20151
2,SERV-45,SRO RELATED EVENT,2024-11-15,1050,4700 STONECROFT BLVD,CHANTILLY,VA,20151
1,SERV-11,SERVICE - NATURAL DEATH,2024-11-15,1045,7500 TUTLEY TER,CLIFTON,VA,20124
1,SERV-1,SERVICE - POLICE SERVICE,2024-11-15,0936,7800 GLENISTER DR,SPRINGFIELD,VA,22152
1,TRES-90J-1,TRESPASSING - PRIVATE PROPERTY,2024-11-15,1152,11200 ROGER BACON DR,RESTON,VA,20190
2,SERV-45,SRO RELATED EVENT,2024-11-15,1131,6000 UNION MILL RD,CLIFTON,VA,20124
3,SERV-2,SERVICE - CIVIL DISPUTE,2024-11-15,1131,6000 UNION MILL RD,CLIFTON,VA,20124
1,TRES-90J-4,TRESPASSING - SCHOOL/CHURCH/CEMETERY,2024-11-15,1131,6000 UNION MILL RD,CLIFTON,VA,20124
1,LARC-23-3,LARCENY - SHOPLIFTING,2024-11-15,1140,2300 HUNTINGTON AVE,ALEXANDRIA,VA,22303
1,SERV-8,SERVICE - LOST/FOUND PROPERTY,2024-11-15,0905,14100 ST GERMAIN DR,CENTREVILLE,VA,20121
1,ASSLT-13B-1,ASSAULT - SIMPLE; NOT AGGRAVATED,2024-11-15,1222,6800 EDSALL RD,SPRINGFIELD,VA,22151
1,FRAUD-26C-1,FRAUD - IMPERSONATION,2024-11-15,1306,200 RIVER BEND RD,GREAT FALLS,VA,22066
1,LARC-23-9,LARCENY -  ALL OTHER LARCENY,2024-11-15,1258,2900 CHERRY ST,FALLS CHURCH,VA,22042
1,LARC-23-3,LARCENY - SHOPLIFTING,2024-11-15,1251,1700 GALLERIA AT TYSONS II,MCLEAN,VA,22102
1,SUSP-1,SUSPICIOUS - EVENT,2024-11-15,1302,8900 MAGNOLIA RIDGE RD,FAIRFAX STATION,VA,22039
1,SUSP-1,SUSPICIOUS - EVENT,2024-11-15,1257,8100 RICHMOND HWY,ALEXANDRIA,VA,22309
1,ASSLT-13B-1,ASSAULT - SIMPLE; NOT AGGRAVATED,2024-11-15,1302,3200 RIO DR,FALLS CHURCH,VA,22041
1,AUTO-240-4,AUTO THEFT - AUTOS,2024-11-15,1304,8500 LEESBURG PIKE,VIENNA,VA,22182
1,SERV-8,SERVICE - LOST/FOUND PROPERTY,2024-11-15,1400,6500 QUANDER RD,ALEXANDRIA,VA,22307
2,SERV-45,SRO RELATED EVENT,2024-11-15,1400,6500 QUANDER RD,ALEXANDRIA,VA,22307
1,AUTO-240-4,AUTO THEFT - AUTOS,2024-11-15,1130,14200 BEDDINGFIELD WAY,CENTREVILLE,VA,20121
1,TRES-90J-1,TRESPASSING - PRIVATE PROPERTY,2024-11-15,1343,6300 SEVEN CORNERS CTR,FALLS CHURCH,VA,22044
1,LARC-23-3,LARCENY - SHOPLIFTING,2024-11-15,0912,5800 KINGSTOWNE BLVD,ALEXANDRIA,VA,22315
1,ASSLT-13C-3,THREATS - TELEPHONE THREATS/ABUSE/OBSCENE,2024-11-15,1342,8700 CENTER RD,SPRINGFIELD,VA,22152
1,ANML-90Z-6,ANIMAL - ANIMAL BITE - DOMESTIC,2024-11-15,1420,3100 CHICHESTER LN,FAIRFAX,VA,22031
2,ANML-90Z-3,ANIMAL - LICENSE VIOLATION,2024-11-15,1420,3100 CHICHESTER LN,FAIRFAX,VA,22031
1,SUSP-1,SUSPICIOUS - EVENT,2024-11-15,1141,6000 UNION MILL RD,CLIFTON,VA,20124
2,SERV-45,SRO RELATED EVENT,2024-11-15,1141,6000 UNION MILL RD,CLIFTON,VA,20124
1,LARC-23-3,LARCENY - SHOPLIFTING,2024-11-15,1411,6200 LITTLE RIVER TPKE,ALEXANDRIA,VA,22312
2,TRES-90J-1,TRESPASSING - PRIVATE PROPERTY,2024-11-15,1400,800 CENTRILLION DR,MCLEAN,VA,22102
1,LARC-23-11,LARCENY - CHECKS; CREDIT CARDS; BANK NOTES; ETC.,2024-11-15,1400,800 CENTRILLION DR,MCLEAN,VA,22102
1,WEAP-520-9,WEAPONS - BRANDISHING,2024-11-15,1411,6800 COMMERCE ST,SPRINGFIELD,VA,22150
1,SERV-30,SERVICE - LOST PASSPORT,2024-11-15,1358,5800 TRINITY PKWY,CENTREVILLE,VA,20120
1,SERV-29,SERVICE - DOMESTIC DISPUTE,2024-11-15,1419,6300 SILVER RIDGE CIR,ALEXANDRIA,VA,22315
1,AUTO-240-4,AUTO THEFT - AUTOS,2024-11-15,1500,6500 LITTLE RIVER TPKE,ALEXANDRIA,VA,22312
1,SERV-29,SERVICE - DOMESTIC DISPUTE,2024-11-15,1458,7400 VERNON SQUARE DR,ALEXANDRIA,VA,22306
1,LARC-23-3,LARCENY - SHOPLIFTING,2024-11-15,1433,12100 SUNSET HILLS RD,RESTON,VA,20190
2,BURG-90Z,BURGLARY - POSSESS BURGLARY TOOLS,2024-11-15,1433,12100 SUNSET HILLS RD,RESTON,VA,20190
1,ANML-90Z-1,ANIMAL - RUNNING AT LARGE/UNRESTRICTED,2024-11-15,1445,11500 WILD ACRE WAY,FAIRFAX STATION,VA,22039
2,ANML-90Z-3,ANIMAL - LICENSE VIOLATION,2024-11-15,1445,11500 WILD ACRE WAY,FAIRFAX STATION,VA,22039
3,ANML-90Z-2,ANIMAL - RABIES CERTIFICATE VIOLATION,2024-11-15,1445,11500 WILD ACRE WAY,FAIRFAX STATION,VA,22039
1,SERV-8,SERVICE - LOST/FOUND PROPERTY,2024-11-15,1507,700 RIDGE DR,MCLEAN,VA,22101
1,SUSP-1,SUSPICIOUS - EVENT,2024-11-15,1335,6400 RACETEC PL,SPRINGFIELD,VA,22150
1,ANML-90Z-1,ANIMAL - RUNNING AT LARGE/UNRESTRICTED,2024-11-15,1447,2700 CODY RD,VIENNA,VA,22181
1,ASSLT-13B-1,ASSAULT - SIMPLE; NOT AGGRAVATED,2024-11-15,1458,4700 STONECROFT BLVD,CHANTILLY,VA,20151
2,SERV-45,SRO RELATED EVENT,2024-11-15,1458,4700 STONECROFT BLVD,CHANTILLY,VA,20151
1,PARK-90Z-1,PARKING - INOPERATIVE/ABANDONED VEHICLE,2024-11-15,1531, LEESBURG PIKE / NEVIUS ST,FALLS CHURCH,VA,22041
1,WARR-90Z-4,WARRANT - WARRANT SERVICE,2024-11-15,1448,7900 WESTPARK DR,MCLEAN,VA,22102
1,LARC-23-3,LARCENY - SHOPLIFTING,2024-11-15,1527,3900 FAIR RIDGE DR,FAIRFAX,VA,22033
2,TRES-90J-1,TRESPASSING - PRIVATE PROPERTY,2024-11-15,1507,7600 RICHMOND HWY,ALEXANDRIA,VA,22306
1,LARC-23-3,LARCENY - SHOPLIFTING,2024-11-15,1507,7600 RICHMOND HWY,ALEXANDRIA,VA,22306
1,ASSLT-13B-1,ASSAULT - SIMPLE; NOT AGGRAVATED,2024-11-15,1500,6400 EDSALL RD,ALEXANDRIA,VA,22312
1,ASSLT-13B-1,ASSAULT - SIMPLE; NOT AGGRAVATED,2024-11-15,1546,7700 RICHMOND HWY,ALEXANDRIA,VA,22306
2,LARC-23-3,LARCENY - SHOPLIFTING,2024-11-15,1546,7700 RICHMOND HWY,ALEXANDRIA,VA,22306
3,TRES-90J-1,TRESPASSING - PRIVATE PROPERTY,2024-11-15,1546,7700 RICHMOND HWY,ALEXANDRIA,VA,22306
1,SERV-2,SERVICE - CIVIL DISPUTE,2024-11-15,1546,9400 LORTON MARKET ST,LORTON,VA,22079
1,SERV-1,SERVICE - POLICE SERVICE,2024-11-15,1522,3300 LONGBRANCH DR,FALLS CHURCH,VA,22041
1,LARC-23-3,LARCENY - SHOPLIFTING,2024-11-15,1532,7700 RICHMOND HWY,ALEXANDRIA,VA,22306
1,ASSLT-13C-3,THREATS - TELEPHONE THREATS/ABUSE/OBSCENE,2024-11-15,1403,6100 ROLLING RD,SPRINGFIELD,VA,22152
1,ASSLT-13B-1,ASSAULT - SIMPLE; NOT AGGRAVATED,2024-11-15,1502,13300 FOXHOLE DR,FAIRFAX,VA,22033
1,SERV-1,SERVICE - POLICE SERVICE,2024-11-15,1350,1100 DRANESVILLE RD,HERNDON,VA,20170
1,LARC-23-3,LARCENY - SHOPLIFTING,2024-11-15,1513,4300 BACKLICK RD,ANNANDALE,VA,22003
1,SUSP-1,SUSPICIOUS - EVENT,2024-11-15,1421,4200 HUNT CLUB CIR,FAIRFAX,VA,22033
1,ASSLT-13B-1,ASSAULT - SIMPLE; NOT AGGRAVATED,2024-11-15,1554,2900 GALLOWS RD,FALLS CHURCH,VA,22042
1,SERV-6,SERVICE - ANIMAL DESTROYED BY SERVICE WEAPON,2024-11-15,1524,11500 TRALEE DR,GREAT FALLS,VA,22066
1,ANML-90Z-3,ANIMAL - LICENSE VIOLATION,2024-11-15,1605,4600 DEMING AVE,ALEXANDRIA,VA,22312
2,ANML-90Z-1,ANIMAL - RUNNING AT LARGE/UNRESTRICTED,2024-11-15,1605,4600 DEMING AVE,ALEXANDRIA,VA,22312
1,LARC-23-3,LARCENY - SHOPLIFTING,2024-11-15,1622,7700 RICHMOND HWY,ALEXANDRIA,VA,22306
2,TRES-90J-1,TRESPASSING - PRIVATE PROPERTY,2024-11-15,1622,7700 RICHMOND HWY,ALEXANDRIA,VA,22306
3,WARR-90Z-4,WARRANT - WARRANT SERVICE,2024-11-15,1622,7700 RICHMOND HWY,ALEXANDRIA,VA,22306
1,LARC-23-3,LARCENY - SHOPLIFTING,2024-11-15,1626,12100 SUNSET HILLS RD,RESTON,VA,20190
1,LARC-23-3,LARCENY - SHOPLIFTING,2024-11-15,1642,5800 CROSSROADS CTR,FALLS CHURCH,VA,22041
1,ANML-90Z-6,ANIMAL - ANIMAL BITE - DOMESTIC,2024-11-15,1645,1700 WAINWRIGHT DR,RESTON,VA,20190
2,ANML-90Z-3,ANIMAL - LICENSE VIOLATION,2024-11-15,1645,1700 WAINWRIGHT DR,RESTON,VA,20190
1,ASSLT-13C-3,THREATS - TELEPHONE THREATS/ABUSE/OBSCENE,2024-11-15,1655,6500 FRONTIER DR,SPRINGFIELD,VA,22150
1,LARC-23-9,LARCENY -  ALL OTHER LARCENY,2024-11-15,1520,1900 CHAIN BRIDGE RD,MCLEAN,VA,22102
1,ASSLT-13B-1,ASSAULT - SIMPLE; NOT AGGRAVATED,2024-11-15,1558,3300 GALLOWS RD,FALLS CHURCH,VA,22042
1,ASSLT-13B-1,ASSAULT - SIMPLE; NOT AGGRAVATED,2024-11-15,1618,9600 HAGEL CIR,LORTON,VA,22079
1,SERV-1,SERVICE - POLICE SERVICE,2024-11-15,1655,7000 BENJAMIN ST,MCLEAN,VA,22101
1,ANML-90Z-3,ANIMAL - LICENSE VIOLATION,2024-11-15,1625,3400 ROSE LN,ANNANDALE,VA,22003
2,ANML-90Z-2,ANIMAL - RABIES CERTIFICATE VIOLATION,2024-11-15,1625,3400 ROSE LN,ANNANDALE,VA,22003
3,ANML-90Z-1,ANIMAL - RUNNING AT LARGE/UNRESTRICTED,2024-11-15,1625,3400 ROSE LN,ANNANDALE,VA,22003
4,ANML-90Z-7,ANIMAL - OTHER ANIMAL CODE VIOLATION,2024-11-15,1625,3400 ROSE LN,ANNANDALE,VA,22003
1,LARC-23-3,LARCENY - SHOPLIFTING,2024-11-15,1659,6100 ARLINGTON BLVD,FALLS CHURCH,VA,22044
1,SERV-29,SERVICE - DOMESTIC DISPUTE,2024-11-15,1658,7200 TAVENNER LN,ALEXANDRIA,VA,22306
1,LARC-23-3,LARCENY - SHOPLIFTING,2024-11-15,1700,8900 OX RD,LORTON,VA,22079
1,ASSLT-13B-1,ASSAULT - SIMPLE; NOT AGGRAVATED,2024-11-15,1739,1900 CHAIN BRIDGE RD,MCLEAN,VA,22102
1,LARC-23-3,LARCENY - SHOPLIFTING,2024-11-15,1734,14100 SAINT GERMAIN DR,CENTREVILLE,VA,20121
1,SUSP-1,SUSPICIOUS - EVENT,2024-11-15,1524,2500 PARKERS LN,ALEXANDRIA,VA,22306
1,SERV-29,SERVICE - DOMESTIC DISPUTE,2024-11-15,1630,2500 LOGAN WOOD DR,HERNDON,VA,20171
1,SUSP-3,SUSPICIOUS - VEHICLE,2024-11-15,1633,9200 OX RD,LORTON,VA,22079
1,SERV-29,SERVICE - DOMESTIC DISPUTE,2024-11-15,1755,6300 TELEGRAPH RD,ALEXANDRIA,VA,22310
2,SERV-29,SERVICE - DOMESTIC DISPUTE,2024-11-15,1645,10200 ROBERTS COMMON LN,BURKE,VA,22015
1,SERV-1,SERVICE - POLICE SERVICE,2024-11-15,1811,2600 GLENGYLE DR,VIENNA,VA,22181
1,SUSP-1,SUSPICIOUS - EVENT,2024-11-15,1804,7200 GROVETON GARDENS RD,ALEXANDRIA,VA,22306
1,SERV-23,SERVICE - MISSING ADULT,2024-11-15,1730,7000 TYNDALE ST,MCLEAN,VA,22101
1,TRES-90J-1,TRESPASSING - PRIVATE PROPERTY,2024-11-15,1740,7300 ROUTE 29,FALLS CHURCH,VA,22042
1,SERV-1,SERVICE - POLICE SERVICE,2024-11-15,1836,8600 RICHMOND HWY,ALEXANDRIA,VA,22309
1,SERV-9,SERVICE - OPEN DOOR,2024-11-15,1745,6600 LEE CHAPEL RD,BURKE,VA,22015
1,SERV-29,SERVICE - DOMESTIC DISPUTE,2024-11-15,1841,9200 VERNON DR,GREAT FALLS,VA,22066
1,SERV-6,SERVICE - ANIMAL DESTROYED BY SERVICE WEAPON,2024-11-15,1831,10400 GUNSTON RD,LORTON,VA,22079
1,SERV-29,SERVICE - DOMESTIC DISPUTE,2024-11-15,1400,5700 SOUTH VAN DORN ST,ALEXANDRIA,VA,22310
1,SERV-29,SERVICE - DOMESTIC DISPUTE,2024-11-15,1648,11500 MAPLE RIDGE RD,RESTON,VA,20190
1,SERV-29,SERVICE - DOMESTIC DISPUTE,2024-11-15,1849,6000 MERIWETHER LN,SPRINGFIELD,VA,22150
1,ASSLT-13B-1,ASSAULT - SIMPLE; NOT AGGRAVATED,2024-11-15,1721,5700 BACKLICK RD,SPRINGFIELD,VA,22150
1,ASSLT-13B-1,ASSAULT - SIMPLE; NOT AGGRAVATED,2024-11-15,1714,7400 RICHMOND HWY,ALEXANDRIA,VA,22306
1,SERV-11,SERVICE - NATURAL DEATH,2024-11-15,1816,6300 HAWAII CT,ALEXANDRIA,VA,22312
1,SERV-47,SERVICE - NON-FATAL OVERDOSE (NFO),2024-11-15,1901,5800 WESSEX LN,ALEXANDRIA,VA,22310
1,LARC-23-3,LARCENY - SHOPLIFTING,2024-11-15,1902,3900 FAIR RIDGE DR,FAIRFAX,VA,22033
1,SUSP-2,SUSPICIOUS - PERSON,2024-11-15,1630,1500 BENNINGTON WOODS CT,RESTON,VA,20194
1,ANML-90Z-3,ANIMAL - LICENSE VIOLATION,2024-11-15,1900,5600 DE SOTO ST,BURKE,VA,22015
2,ANML-3,ANIMAL - SERVICE - DOMESTIC,2024-11-15,1900,5600 DE SOTO ST,BURKE,VA,22015
1,WARR-90Z-4,WARRANT - WARRANT SERVICE,2024-11-15,1903,7000 HIGHLAND ST,SPRINGFIELD,VA,22150
1,SERV-29,SERVICE - DOMESTIC DISPUTE,2024-11-15,1914,8000 POWDERBROOK LN,SPRINGFIELD,VA,22153
1,SERV-2,SERVICE - CIVIL DISPUTE,2024-11-15,1850,7900 JOHN ADAMS CT,ANNANDALE,VA,22003
1,SERV-1,SERVICE - POLICE SERVICE,2024-11-15,1904,3300 WILLOW CRESCENT DR,FAIRFAX,VA,22030
1,SUSP-1,SUSPICIOUS - EVENT,2024-11-15,1923,5800 ARNET ST,FALLS CHURCH,VA,22041
1,PORN-370-8,PORN - CHILD - OTHER,2024-11-15,1907,14700 STREAM POND DR,CENTREVILLE,VA,20120
1,SERV-29,SERVICE - DOMESTIC DISPUTE,2024-11-15,1939,2200 CASTLE ROCK SQ,RESTON,VA,20191
1,SUSP-1,SUSPICIOUS - EVENT,2024-11-15,1949,8500 LEESBURG PIKE,VIENNA,VA,22182
1,ASSLT-13B-1,ASSAULT - SIMPLE; NOT AGGRAVATED,2024-11-15,1953,7700 LITTLE RIVER TPKE,ANNANDALE,VA,22003
2,SERV-8,SERVICE - LOST/FOUND PROPERTY,2024-11-15,1953,7700 LITTLE RIVER TPKE,ANNANDALE,VA,22003
1,SUSP-1,SUSPICIOUS - EVENT,2024-11-15,1944,2900 FURMAN LN,ALEXANDRIA,VA,22306
1,SERV-1,SERVICE - POLICE SERVICE,2024-11-15,1938,4000 DAVID LN,ALEXANDRIA,VA,22311
1,SERV-1,SERVICE - POLICE SERVICE,2024-11-15,1956,8700 OLD COLONY WAY,ALEXANDRIA,VA,22309
1,SERV-6,SERVICE - ANIMAL DESTROYED BY SERVICE WEAPON,2024-11-15,1929,8200 BRANCH RD,ANNANDALE,VA,22003
1,ASSLT-13C-3,THREATS - TELEPHONE THREATS/ABUSE/OBSCENE,2024-11-15,2001,10000 BRADDOCK RD,FAIRFAX,VA,22032
1,LARC-23-3,LARCENY - SHOPLIFTING,2024-11-15,1832,6200 NORTH KINGS HWY,ALEXANDRIA,VA,22303
1,AUTO-240-4,AUTO THEFT - AUTOS,2024-11-15,1902,2900 PRESTON AVE,ALEXANDRIA,VA,22306
1,SERV-1,SERVICE - POLICE SERVICE,2024-11-15,2004,8300 TOBIN RD,ANNANDALE,VA,22003
2,PORN-370-8,PORN - CHILD - OTHER,2024-11-15,1950,10000 GLENMERE RD,FAIRFAX,VA,22032
1,EXTOR-210-1,EXTORTION/BLACKMAIL,2024-11-15,1950,10000 GLENMERE RD,FAIRFAX,VA,22032
1,LARC-23-11,LARCENY - CHECKS; CREDIT CARDS; BANK NOTES; ETC.,2024-11-15,0745,11400 COMMERCE PARK DR,RESTON,VA,20191
2,FRAUD-26B-1,FRAUD - CREDIT CARD/AUTOMATED TELLER MACHINE FRAUD,2024-11-15,0745,11400 COMMERCE PARK DR,RESTON,VA,20191
1,LARC-23-3,LARCENY - SHOPLIFTING,2024-11-15,2035,11100 ROUTE 29,FAIRFAX,VA,22030
1,SERV-1,SERVICE - POLICE SERVICE,2024-11-15,2043,14200 SUNCATCHER CT,CENTREVILLE,VA,20121
1,SERV-29,SERVICE - DOMESTIC DISPUTE,2024-11-15,2039,8900 MORELAND LN,ANNANDALE,VA,22003
1,TRES-90J-1,TRESPASSING - PRIVATE PROPERTY,2024-11-15,2043,2700 MERRILEE DR,FAIRFAX,VA,22031
1,ASSLT-13B-1,ASSAULT - SIMPLE; NOT AGGRAVATED,2024-11-15,2030,2100 CENTREVILLE RD,HERNDON,VA,20170
2,TRES-90J-1,TRESPASSING - PRIVATE PROPERTY,2024-11-15,1908,7500 RICHMOND HWY,ALEXANDRIA,VA,22306
1,DRUG-35A-10,DRUGS - OTHER DANGEROUS DRUGS POSSESSION,2024-11-15,1908,7500 RICHMOND HWY,ALEXANDRIA,VA,22306
3,DRUNK-90Z-1,DRUNK - DRUNK/PROFANE IN PUBLIC,2024-11-15,1908,7500 RICHMOND HWY,ALEXANDRIA,VA,22306
1,SUSP-2,SUSPICIOUS - PERSON,2024-11-15,2105,14800 EDMAN CIR,CENTREVILLE,VA,20121
1,ASSLT-13B-1,ASSAULT - SIMPLE; NOT AGGRAVATED,2024-11-15,2129,8700 SACRAMENTO DR,ALEXANDRIA,VA,22309
1,SERV-29,SERVICE - DOMESTIC DISPUTE,2024-11-15,2049,8800 SURVEYORS PL,SPRINGFIELD,VA,22152
1,SERV-29,SERVICE - DOMESTIC DISPUTE,2024-11-15,2131,3300 MEMORIAL ST,ALEXANDRIA,VA,22306
1,SERV-29,SERVICE - DOMESTIC DISPUTE,2024-11-15,2117,6200 WILSON BLVD,FALLS CHURCH,VA,22044
1,ANML-90Z-3,ANIMAL - LICENSE VIOLATION,2024-11-15,2021,6400 SUTCLIFFE DR,ALEXANDRIA,VA,22315
2,ANML-90Z-1,ANIMAL - RUNNING AT LARGE/UNRESTRICTED,2024-11-15,2021,6400 SUTCLIFFE DR,ALEXANDRIA,VA,22315
1,LARC-23-3,LARCENY - SHOPLIFTING,2024-11-15,2133,11100 ROUTE 29,FAIRFAX,VA,22030
2,TRES-90J-1,TRESPASSING - PRIVATE PROPERTY,2024-11-15,2133,11100 ROUTE 29,FAIRFAX,VA,22030
1,LARC-23-3,LARCENY - SHOPLIFTING,2024-11-15,2051,8600 RICHMOND HWY,ALEXANDRIA,VA,22309
1,SUSP-1,SUSPICIOUS - EVENT,2024-11-15,2037,7700 BLUE JAY CT,ALEXANDRIA,VA,22306
1,SUSP-1,SUSPICIOUS - EVENT,2024-11-15,2041,8300 CARRLEIGH PKWY,SPRINGFIELD,VA,22152
1,TRES-90J-1,TRESPASSING - PRIVATE PROPERTY,2024-11-15,2008,6800 RICHMOND HWY,ALEXANDRIA,VA,22306
1,SERV-37,SERVICE - MISSING JUVENILE,2024-11-15,2130,4400 ROUNDHILL RD,ALEXANDRIA,VA,22310
1,LARC-23-3,LARCENY - SHOPLIFTING,2024-11-15,2200,7900 RICHMOND HWY,ALEXANDRIA,VA,22306
1,SERV-29,SERVICE - DOMESTIC DISPUTE,2024-11-15,2221,6100 BACKLICK RD,SPRINGFIELD,VA,22150
1,DEST-290-2,DESTRUCTION - PRIVATE PROPERTY,2024-11-15,2242,14400 BROOKFIELD TOWER DR,CHANTILLY,VA,20151
3,DISORD-90C-2,DISORDERLY - DISORDERLY CONDUCT,2024-11-15,2222,4800 LEESBURG PIKE,ALEXANDRIA,VA,22041
4,DRUNK-90Z-1,DRUNK - DRUNK/PROFANE IN PUBLIC,2024-11-15,2222,4800 LEESBURG PIKE,ALEXANDRIA,VA,22041
2,DEST-290-1,DESTRUCTION - PUBLIC PROPERTY,2024-11-15,2222,4800 LEESBURG PIKE,ALEXANDRIA,VA,22041
1,ASSLT-13B-1,ASSAULT - SIMPLE; NOT AGGRAVATED,2024-11-15,2222,4800 LEESBURG PIKE,ALEXANDRIA,VA,22041
1,SERV-8,SERVICE - LOST/FOUND PROPERTY,2024-11-15,2015,1400 BALLS HILL RD,MCLEAN,VA,22101
1,ASSLT-13A-2,ASSAULT - KNIFE OR CUTTING INSTRUMENT,2024-11-15,2302,3100 SOUTHGATE DR,ALEXANDRIA,VA,22306
1,SUSP-1,SUSPICIOUS - EVENT,2024-11-15,2231,7700 BRISTOL SQUARE CT,SPRINGFIELD,VA,22153
1,DRUNK-90Z-1,DRUNK - DRUNK/PROFANE IN PUBLIC,2024-11-15,2240,2100 CENTREVILLE RD,HERNDON,VA,20170
1,ASSLT-13C-3,THREATS - TELEPHONE THREATS/ABUSE/OBSCENE,2024-11-15,2320,7900 JONES BRANCH DR,MCLEAN,VA,22102
1,SERV-29,SERVICE - DOMESTIC DISPUTE,2024-11-15,2329,13100 FOX HUNT LN,HERNDON,VA,20171
1,SERV-29,SERVICE - DOMESTIC DISPUTE,2024-11-15,2347,9200 TREASURE OAK CT,LORTON,VA,22079
1,DRUNK-90Z-1,DRUNK - DRUNK/PROFANE IN PUBLIC,2024-11-15,2154,14200 SAINT GERMAIN DR,CENTREVILLE,VA,20121
1,LARC-23-6,LARCENY - THEFT FROM MOTOR VEHICLE,2024-11-15,2130,5800 FLANDERS ST,SPRINGFIELD,VA,22150
1,LARC-23-6,LARCENY - THEFT FROM MOTOR VEHICLE,2024-11-15,2200,6100 LEESBURG PIKE,FALLS CHURCH,VA,22041
1,DEST-290-2,DESTRUCTION - PRIVATE PROPERTY,2024-11-15,1650,5900 FRANCONIA RD,ALEXANDRIA,VA,22310
1,AUTO-240-4,AUTO THEFT - AUTOS,2024-11-15,2230,7700 BAIRD CT,LORTON,VA,22079
1,ASSLT-13C-5,THREATS - IN WRITING,2024-11-15,0001,4700 DECLARATION CT,ANNANDALE,VA,22003
1,AUTO-240-4,AUTO THEFT - AUTOS,2024-11-15,2100,3500 SOUTH GEORGE MASON DR,ALEXANDRIA,VA,22302
1,LARC-23-4,LARCENY - THEFT FROM BUILDING,2024-11-15,1930,11600 PLAZA AMERICA DR,RESTON,VA,20190
1,SUSP-1,SUSPICIOUS - EVENT,2024-11-15,1700,14900 RYDELL RD,CENTREVILLE,VA,20121
1,ANML-90Z-6,ANIMAL - ANIMAL BITE - DOMESTIC,2024-11-15,1327,13800 BRADDOCK RD,CENTREVILLE,VA,20121
1,SERV-1,SERVICE - POLICE SERVICE,2024-11-15,2230,2900 LOCKPORT DR,FALLS CHURCH,VA,22042
1,AUTO-240-4,AUTO THEFT - AUTOS,2024-11-15,0430,12100 ABINGTON HALL PL,RESTON,VA,20190
1,TRES-90J-7,TRESPASSING - UNLAWFUL ENTRY,2024-11-15,0000,7300 FARR ST,ANNANDALE,VA,22003
1,ANML-90Z-1,ANIMAL - RUNNING AT LARGE/UNRESTRICTED,2024-11-15,1200,10300 BUSHMAN DR,OAKTON,VA,22124
2,ANML-90Z-3,ANIMAL - LICENSE VIOLATION,2024-11-15,1200,10300 BUSHMAN DR,OAKTON,VA,22124
3,SERV-2,SERVICE - CIVIL DISPUTE,2024-11-15,1200,10300 BUSHMAN DR,OAKTON,VA,22124
1,LARC-23-11,LARCENY - CHECKS; CREDIT CARDS; BANK NOTES; ETC.,2024-11-15,1159,11400 COMMERCE PARK DR,FAIRFAX,VA,20191
2,FRAUD-26B-1,FRAUD - CREDIT CARD/AUTOMATED TELLER MACHINE FRAUD,2024-11-15,1159,11400 COMMERCE PARK DR,FAIRFAX,VA,20191
1,SERV-29,SERVICE - DOMESTIC DISPUTE,2024-11-15,1900,6200 WILLS ST,ALEXANDRIA,VA,22310
1,SERV-39,SERVICE - AVI THREAT SCHOOL,2024-11-15,2200,13300 GLEN TAYLOR LN,HERNDON,VA,20171
1,SUSP-1,SUSPICIOUS - EVENT,2024-11-15,1645,6500 FOREST DEW CT,SPRINGFIELD,VA,22152
1,SERV-1,SERVICE - POLICE SERVICE,2024-11-15,1119,6800 SILVER ANN DR,LORTON,VA,22079
1,SERV-1,SERVICE - POLICE SERVICE,2024-11-15,1123,7000 KENFIG DR,FALLS CHURCH,VA,22042
1,FRAUD-26A-1,FRAUD - FALSE PRETENSES/SWINDLE/CONFIDENCE GAME,2024-11-15,1128,6200 OLD DOMINION DR,MCLEAN,VA,22101
1,WARR-90Z-5,FUGITIVE - FUGITIVE FROM JUSTICE,2024-11-15,1420,10500 JUDICIAL DR,FAIRFAX,VA,22030
1,LARC-23-6,LARCENY - THEFT FROM MOTOR VEHICLE,2024-11-15,1600,7000 CALAMO ST,SPRINGFIELD,VA,22150
1,AUTO-240-4,AUTO THEFT - AUTOS,2024-11-15,2145,6000 FARRINGTON AVE,ALEXANDRIA,VA,22304
1,ANML-90Z-2,ANIMAL - RABIES CERTIFICATE VIOLATION,2024-11-15,1013,6400 EDSALL RD,ALEXANDRIA,VA,22312
2,ANML-90Z-6,ANIMAL - ANIMAL BITE - DOMESTIC,2024-11-15,1013,6400 EDSALL RD,ALEXANDRIA,VA,22312
1,LARC-23-7,LARCENY - THEFT OF MOTOR VEHICLE PARTS,2024-11-15,1600,5500 GENERAL WASHINGTON DR,ALEXANDRIA,VA,22312
1,LARC-23-6,LARCENY - THEFT FROM MOTOR VEHICLE,2024-11-15,1600,9200 ASHLAND WOODS LN,LORTON,VA,22079
1,LARC-23-3,LARCENY - SHOPLIFTING,2024-11-15,1833,6100 ROSE HILL DR,ALEXANDRIA,VA,22310
1,ANML-90Z-6,ANIMAL - ANIMAL BITE - DOMESTIC,2024-11-15,1058,2700 DORR AVE,FAIRFAX,VA,22031
1,ASSLT-13B-1,ASSAULT - SIMPLE; NOT AGGRAVATED,2024-11-16,0029,6800 METROPOLITAN CENTER DR,SPRINGFIELD,VA,22150
1,ABC-90G-7,ABC - ILLEGAL POSSESSION ALCOHOL/MINOR,2024-11-16,0031,6100 ARLINGTON BLVD,FALLS CHURCH,VA,22044
1,SERV-1,SERVICE - POLICE SERVICE,2024-11-16,0005, EAST BROAD ST / SOUTH ROOSEVELT ST,FALLS CHURCH,VA,22046
1,PARK-90Z-2,PARKING - OTHER PARKING VIOLATION,2024-11-16,0027,6500 CEDAR LN,FALLS CHURCH,VA,22042
1,SERV-29,SERVICE - DOMESTIC DISPUTE,2024-11-16,0128,2300 FORT DR,ALEXANDRIA,VA,22303
1,SERV-1,SERVICE - POLICE SERVICE,2024-11-16,0003,15200 BANNON HILL CT,CHANTILLY,VA,20151
1,ASSLT-13B-1,ASSAULT - SIMPLE; NOT AGGRAVATED,2024-11-16,0137,4100 HUMMER RD,ANNANDALE,VA,22003
3,TRES-90J-1,TRESPASSING - PRIVATE PROPERTY,2024-11-16,0137,4100 HUMMER RD,ANNANDALE,VA,22003
2,DISORD-90C-2,DISORDERLY - DISORDERLY CONDUCT,2024-11-16,0137,4100 HUMMER RD,ANNANDALE,VA,22003
1,TRES-90J-1,TRESPASSING - PRIVATE PROPERTY,2024-11-16,0034,12000 INSPIRATION ST,RESTON,VA,20190
1,SERV-29,SERVICE - DOMESTIC DISPUTE,2024-11-16,0015,6300 SILVER RIDGE CIR,ALEXANDRIA,VA,22315
1,WARR-90Z-4,WARRANT - WARRANT SERVICE,2024-11-16,0140,3900 MARIPOSA PL,ALEXANDRIA,VA,22309
1,WARR-90Z-4,WARRANT - WARRANT SERVICE,2024-11-16,0226,7600 LITTLE RIVER TPKE,ANNANDALE,VA,22003
1,TRES-90J-6,TRESPASSING - OTHER,2024-11-16,0126,2100 TANNIN PL,VIENNA,VA,22182
1,WARR-90Z-4,WARRANT - WARRANT SERVICE,2024-11-16,0025,23500 AUTOPILOT DR,DULLES,VA,
1,ANML-3,ANIMAL - SERVICE - DOMESTIC,2024-11-16,0239,7700 LITTLE RIVER TPKE,ANNANDALE,VA,22003
1,LARC-23-9,LARCENY -  ALL OTHER LARCENY,2024-11-16,0244,6200 FARRINGTON AVE,ALEXANDRIA,VA,22304
1,ASSLT-13B-1,ASSAULT - SIMPLE; NOT AGGRAVATED,2024-11-16,0234,7400 ROUTE 29,FALLS CHURCH,VA,22042
1,SERV-29,SERVICE - DOMESTIC DISPUTE,2024-11-16,0333,5400 NEW LONDON PARK DR,FAIRFAX,VA,22032
1,ASSLT-13B-1,ASSAULT - SIMPLE; NOT AGGRAVATED,2024-11-16,0509,6200 LITTLE RIVER TPKE,ALEXANDRIA,VA,22312
1,LARC-23-3,LARCENY - SHOPLIFTING,2024-11-16,0545,3000 PATRICK HENRY DR,FALLS CHURCH,VA,22044
1,DRUNK-90Z-1,DRUNK - DRUNK/PROFANE IN PUBLIC,2024-11-16,0632,6100 BARROS DR,CENTREVILLE,VA,20120
2,PUB-90Z-6,PUBLIC SAFETY - OBSTRUCTION OF JUSTICE,2024-11-16,0632,6100 BARROS DR,CENTREVILLE,VA,20120
1,LARC-23-9,LARCENY -  ALL OTHER LARCENY,2024-11-16,0640,6200 RICHMOND HWY,ALEXANDRIA,VA,22303
1,SUSP-2,SUSPICIOUS - PERSON,2024-11-16,0530,3100 FAIRVIEW PARK DR,FALLS CHURCH,VA,22042
1,SERV-47,SERVICE - NON-FATAL OVERDOSE (NFO),2024-11-16,0630,3200 LEDBURY CT,ANNANDALE,VA,22003
1,TRES-90J-1,TRESPASSING - PRIVATE PROPERTY,2024-11-16,0846,2300 DULLES STATION BLVD,HERNDON,VA,20171
1,SERV-1,SERVICE - POLICE SERVICE,2024-11-16,0811,1800 DOLLEY MADISON BLVD,MCLEAN,VA,22102
1,ABDCT-100-1,ABDUCTION - KIDNAPPING/ABDUCTION,2024-11-16,0737,5600 SEMINARY RD,FALLS CHURCH,VA,22041
1,SERV-33,SERVICE - NON DMV REPORTABLE CRASH,2024-11-16,0858,6400 WINGATE ST,ALEXANDRIA,VA,22312
1,LARC-23-3,LARCENY - SHOPLIFTING,2024-11-16,0912,8100 ARLINGTON BLVD,FALLS CHURCH,VA,22042
1,SERV-29,SERVICE - DOMESTIC DISPUTE,2024-11-16,0910,8200 FRESNO LN,ALEXANDRIA,VA,22309
1,LARC-23-3,LARCENY - SHOPLIFTING,2024-11-16,0932,8600 RICHMOND HWY,ALEXANDRIA,VA,22309
1,LARC-23-3,LARCENY - SHOPLIFTING,2024-11-16,0840,6100 ARLINGTON BLVD,FALLS CHURCH,VA,22044
1,WARR-90Z-5,FUGITIVE - FUGITIVE FROM JUSTICE,2024-11-16,0943, RT28 SB RAMP TO RT50 WB,CHANTILLY,VA,20151
1,SERV-33,SERVICE - NON DMV REPORTABLE CRASH,2024-11-16,1030,11700 FAIR OAKS SHOPPING CTR,FAIRFAX,VA,22033
1,SEX-90Z-2,SEX - OTHER NON-FORCIBLE SEX VIOLATION,2024-11-16,1040,6100 KNOLLWOOD DR,FALLS CHURCH,VA,22041
1,SERV-29,SERVICE - DOMESTIC DISPUTE,2024-11-16,1034,7700 MIDDLE VALLEY DR,SPRINGFIELD,VA,22153
2,TRES-90J-6,TRESPASSING - OTHER,2024-11-16,0827,3500 BARKLEY DR,FAIRFAX,VA,22031
1,LARC-23-6,LARCENY - THEFT FROM MOTOR VEHICLE,2024-11-16,0827,3500 BARKLEY DR,FAIRFAX,VA,22031
1,LARC-23-3,LARCENY - SHOPLIFTING,2024-11-16,1111,6100 ARLINGTON BLVD,FALLS CHURCH,VA,22044
1,SERV-1,SERVICE - POLICE SERVICE,2024-11-16,0946, TYSONS ONE PL / WESTPARK DR,MCLEAN,VA,22102
1,DEST-290-2,DESTRUCTION - PRIVATE PROPERTY,2024-11-16,1047,6100 BACKLICK RD,SPRINGFIELD,VA,22150
1,DEST-290-2,DESTRUCTION - PRIVATE PROPERTY,2024-11-16,0800,13600 BENT TREE CIR,CENTREVILLE,VA,20121
1,DEST-290-2,DESTRUCTION - PRIVATE PROPERTY,2024-11-16,1105,7700 STONE WHEAT CT,ALEXANDRIA,VA,22315
1,WARR-90Z-4,WARRANT - WARRANT SERVICE,2024-11-16,0815,11900 PALACE WAY,FAIRFAX,VA,22030
1,SERV-1,SERVICE - POLICE SERVICE,2024-11-16,1055,3200 JERMANTOWN RD,OAKTON,VA,22124
1,SERV-2,SERVICE - CIVIL DISPUTE,2024-11-16,1108,8500 KOLUDER CT,LORTON,VA,22079
1,ASSLT-13B-1,ASSAULT - SIMPLE; NOT AGGRAVATED,2024-11-16,1034,9800 LAKEPOINTE DR,BURKE,VA,22015
1,SERV-29,SERVICE - DOMESTIC DISPUTE,2024-11-16,0200,7000 ESSEX AVE,SPRINGFIELD,VA,22150
1,SUSP-1,SUSPICIOUS - EVENT,2024-11-16,1305,6000 BELLVIEW DR,FALLS CHURCH,VA,22041
1,SERV-1,SERVICE - POLICE SERVICE,2024-11-16,1231,6300 ALDERMAN DR,ALEXANDRIA,VA,22315
1,SERV-29,SERVICE - DOMESTIC DISPUTE,2024-11-16,1217,1300 ROCK CHAPEL RD,HERNDON,VA,20170
1,SERV-29,SERVICE - DOMESTIC DISPUTE,2024-11-16,1328,12100 MONUMENT DR,FAIRFAX,VA,22033
1,SERV-8,SERVICE - LOST/FOUND PROPERTY,2024-11-16,1139,4300 CHANTILLY SHOPPING CTR,CHANTILLY,VA,20151
1,LARC-23-9,LARCENY -  ALL OTHER LARCENY,2024-11-16,1159,2900 GALLOWS RD,FALLS CHURCH,VA,22042
1,SERV-8,SERVICE - LOST/FOUND PROPERTY,2024-11-16,1417,2500 PARKERS LN,ALEXANDRIA,VA,22306
1,WARR-90Z-1,ORDER - VIOLATE EPO/PO/PPO,2024-11-16,1302,2800 RIFLE RIDGE RD,OAKTON,VA,22124
1,ROB-120-7,ROBBERY - PERSON,2024-11-16,1410,6300 RICHMOND HWY,ALEXANDRIA,VA,22306
1,LARC-23-3,LARCENY - SHOPLIFTING,2024-11-16,1415,13000 ROUTE 50,FAIRFAX,VA,22033
1,SERV-8,SERVICE - LOST/FOUND PROPERTY,2024-11-16,1330,5500 UNION MILL RD,CENTREVILLE,VA,20124
1,SUSP-1,SUSPICIOUS - EVENT,2024-11-16,1345,8200 IDYLWOOD RD,VIENNA,VA,22182
2,SERV-8,SERVICE - LOST/FOUND PROPERTY,2024-11-16,1345,8200 IDYLWOOD RD,VIENNA,VA,22182
2,TRES-90J-1,TRESPASSING - PRIVATE PROPERTY,2024-11-16,1442,12200 FAIRFAX TOWNE CTR,FAIRFAX,VA,22033
1,LARC-23-3,LARCENY - SHOPLIFTING,2024-11-16,1442,12200 FAIRFAX TOWNE CTR,FAIRFAX,VA,22033
1,ANML-90Z-3,ANIMAL - LICENSE VIOLATION,2024-11-16,1423,9600 NONQUITT DR,FAIRFAX,VA,22031
2,ANML-90Z-1,ANIMAL - RUNNING AT LARGE/UNRESTRICTED,2024-11-16,1423,9600 NONQUITT DR,FAIRFAX,VA,22031
1,ANML-90Z-1,ANIMAL - RUNNING AT LARGE/UNRESTRICTED,2024-11-16,1512,8800 MIRADOR PL,MCLEAN,VA,22102
1,SERV-33,SERVICE - NON DMV REPORTABLE CRASH,2024-11-16,1527,4000 MAJESTIC LN,FAIRFAX,VA,22033
1,LARC-23-3,LARCENY - SHOPLIFTING,2024-11-16,1130,2900 CHAIN BRIDGE RD,OAKTON,VA,22124
1,ANML-90Z-6,ANIMAL - ANIMAL BITE - DOMESTIC,2024-11-16,1536,2500 VILLANOVA DR,VIENNA,VA,22180
1,SUSP-1,SUSPICIOUS - EVENT,2024-11-16,1533,13900 ROUTE 50,CHANTILLY,VA,20151
1,SERV-32,SERVICE - STOLEN AUTO RECOVERY OTHER JURISDICTION,2024-11-16,1454,6700 TOWER DR,ALEXANDRIA,VA,22306
2,SERV-999,POLICE PHONE REPORT,2024-11-16,1332,6300 RICHMOND HWY,ALEXANDRIA,VA,22306
1,LARC-23-9,LARCENY -  ALL OTHER LARCENY,2024-11-16,0830,6800 HOPEWELL AVE,SPRINGFIELD,VA,22151
1,LARC-23-3,LARCENY - SHOPLIFTING,2024-11-16,1621,5800 KINGSTOWNE BLVD,ALEXANDRIA,VA,22315
1,ASSLT-13B-1,ASSAULT - SIMPLE; NOT AGGRAVATED,2024-11-16,1606,6200 LITTLE RIVER TPKE,ALEXANDRIA,VA,22312
2,DRUNK-90Z-1,DRUNK - DRUNK/PROFANE IN PUBLIC,2024-11-16,1606,6200 LITTLE RIVER TPKE,ALEXANDRIA,VA,22312
1,TRES-90J-1,TRESPASSING - PRIVATE PROPERTY,2024-11-16,1625,10500 ROSEHAVEN ST,FAIRFAX,VA,22030
1,SERV-1,SERVICE - POLICE SERVICE,2024-11-16,1554,2200 WESTMORELAND ST,FALLS CHURCH,VA,22043
1,LARC-23-7,LARCENY - THEFT OF MOTOR VEHICLE PARTS,2024-11-16,1441,6300 SOUTH KINGS HWY,ALEXANDRIA,VA,22306
2,SERV-8,SERVICE - LOST/FOUND PROPERTY,2024-11-16,1441,6300 SOUTH KINGS HWY,ALEXANDRIA,VA,22306
1,DEST-290-2,DESTRUCTION - PRIVATE PROPERTY,2024-11-16,1706,7900 AUDUBON AVE,ALEXANDRIA,VA,22306
1,ASSLT-13B-1,ASSAULT - SIMPLE; NOT AGGRAVATED,2024-11-16,1634,6000 HIBBLING AVE,SPRINGFIELD,VA,22150
1,SERV-1,SERVICE - POLICE SERVICE,2024-11-16,1708,11900 BOWMAN TOWNE DR,RESTON,VA,20190
1,ASSLT-13B-1,ASSAULT - SIMPLE; NOT AGGRAVATED,2024-11-16,1650,5500 SEMINARY RD,FALLS CHURCH,VA,22041
1,LARC-23-9,LARCENY -  ALL OTHER LARCENY,2024-11-16,1637,2300 HUNTINGTON STATION CT,ALEXANDRIA,VA,22303
1,WARR-90Z-4,WARRANT - WARRANT SERVICE,2024-11-16,1751,4900 STONECROFT BLVD,CHANTILLY,VA,20120
1,DEST-290-2,DESTRUCTION - PRIVATE PROPERTY,2024-11-16,1745,8800 RICHMOND HWY,ALEXANDRIA,VA,22309
1,SERV-29,SERVICE - DOMESTIC DISPUTE,2024-11-16,1718,7600 SAVANNAH ST,FALLS CHURCH,VA,22043
1,LARC-23-3,LARCENY - SHOPLIFTING,2024-11-16,1710,6600 RICHMOND HWY,ALEXANDRIA,VA,22306
1,LARC-23-3,LARCENY - SHOPLIFTING,2024-11-16,1848,5700 KINGSTOWNE BLVD,ALEXANDRIA,VA,22315
1,ANML-3,ANIMAL - SERVICE - DOMESTIC,2024-11-16,1819,11000 BECONTREE LAKE DR,RESTON,VA,20190
1,LARC-23-3,LARCENY - SHOPLIFTING,2024-11-16,1752,6100 ARLINGTON BLVD,FALLS CHURCH,VA,22044
2,FAM-90F-2,FAMILY - CONTRIBUTE TO DELINQUENCY OF MINOR,2024-11-16,1752,6100 ARLINGTON BLVD,FALLS CHURCH,VA,22044
3,WARR-90Z-4,WARRANT - WARRANT SERVICE,2024-11-16,1752,6100 ARLINGTON BLVD,FALLS CHURCH,VA,22044
1,SERV-1,SERVICE - POLICE SERVICE,2024-11-16,1928,6700 WEST WAKEFIELD DR,ALEXANDRIA,VA,22307
1,SERV-1,SERVICE - POLICE SERVICE,2024-11-16,1902,4200 TOM DAVIS DR,ANNANDALE,VA,22003
1,ASSLT-13B-1,ASSAULT - SIMPLE; NOT AGGRAVATED,2024-11-16,1914,7900 FORDSON RD,ALEXANDRIA,VA,22306
1,DISORD-90C-2,DISORDERLY - DISORDERLY CONDUCT,2024-11-16,1926,7700 GUNSTON PLZ,LORTON,VA,22199
1,ASSLT-13B-1,ASSAULT - SIMPLE; NOT AGGRAVATED,2024-11-16,1933,4100 WADSWORTH CT,ANNANDALE,VA,22003
1,SERV-2,SERVICE - CIVIL DISPUTE,2024-11-16,1934,8800 SURVEYORS PL,SPRINGFIELD,VA,22152
1,SUSP-4,SUSPICIOUS - NOISE,2024-11-16,2027,13400 MUIRKIRK LN,HERNDON,VA,20171
1,DEST-290-2,DESTRUCTION - PRIVATE PROPERTY,2024-11-16,2012,7600 MARIN WOODS CT,LORTON,VA,22079
1,SERV-8,SERVICE - LOST/FOUND PROPERTY,2024-11-16,1942, DISTRICT AVE / STRAWBERRY LN,FAIRFAX,VA,22031
1,ASSLT-13B-1,ASSAULT - SIMPLE; NOT AGGRAVATED,2024-11-16,2032,5800 RICHMOND HWY,ALEXANDRIA,VA,22307
1,LARC-23-9,LARCENY -  ALL OTHER LARCENY,2024-11-16,1900,2900 DISTRICT AVE,FAIRFAX,VA,22031
1,WEAP-520-9,WEAPONS - BRANDISHING,2024-11-16,2044,6100 ROSE HILL DR,ALEXANDRIA,VA,22310
1,SERV-1,SERVICE - POLICE SERVICE,2024-11-16,1948,1900 BELMONT RIDGE CT,RESTON,VA,20191
1,SERV-29,SERVICE - DOMESTIC DISPUTE,2024-11-16,2039,1100 WIMBLEDON DR,MCLEAN,VA,22101
1,ASSLT-13B-1,ASSAULT - SIMPLE; NOT AGGRAVATED,2024-11-16,1944,9100 BARRICK ST,FAIRFAX,VA,22031
1,DEST-290-6,DESTRUCTION - OTHER,2024-11-16,2047,5100 LEESBURG PIKE,FALLS CHURCH,VA,22041
2,DISORD-90C-2,DISORDERLY - DISORDERLY CONDUCT,2024-11-16,2047,5100 LEESBURG PIKE,FALLS CHURCH,VA,22041
1,ASSLT-13B-1,ASSAULT - SIMPLE; NOT AGGRAVATED,2024-11-16,2022,1500 MOORINGS DR,RESTON,VA,20190
2,LARC-23-4,LARCENY - THEFT FROM BUILDING,2024-11-16,2022,1500 MOORINGS DR,RESTON,VA,20190
1,ASSLT-13A-1,ASSAULT - AGGRAVATED,2024-11-16,2100,1700 PROFFIT RD,VIENNA,VA,22182
1,ASSLT-13B-1,ASSAULT - SIMPLE; NOT AGGRAVATED,2024-11-16,2027,2500 PARKERS LN,ALEXANDRIA,VA,22306
1,SUSP-1,SUSPICIOUS - EVENT,2024-11-16,2119,3400 ANKER ST,ALEXANDRIA,VA,22306
1,SERV-29,SERVICE - DOMESTIC DISPUTE,2024-11-16,2109,14700 CARDIGAN SQ,CENTREVILLE,VA,20120
1,ASSLT-13B-1,ASSAULT - SIMPLE; NOT AGGRAVATED,2024-11-16,2129,3400 CARLIN SPRINGS RD,FALLS CHURCH,VA,22041
1,TRES-90J-1,TRESPASSING - PRIVATE PROPERTY,2024-11-16,2130,2800 BEACON HILL RD,ALEXANDRIA,VA,22306
1,SUSP-1,SUSPICIOUS - EVENT,2024-11-16,2206,3800 PICKETT CT,ANNANDALE,VA,22003
1,ASSLT-13B-1,ASSAULT - SIMPLE; NOT AGGRAVATED,2024-11-16,1937,2900 WOODLAWN AVE,FALLS CHURCH,VA,22042
1,SERV-29,SERVICE - DOMESTIC DISPUTE,2024-11-16,2204,6500 LOISDALE CT,SPRINGFIELD,VA,22150
1,SUSP-1,SUSPICIOUS - EVENT,2024-11-16,2212,2400 FOX MILL RD,RESTON,VA,20191
1,SUSP-1,SUSPICIOUS - EVENT,2024-11-16,2209,8100 PORTER RD,FALLS CHURCH,VA,22042
1,WARR-90Z-4,WARRANT - WARRANT SERVICE,2024-11-16,2230,2800 HARTLAND RD,FALLS CHURCH,VA,22043
1,PORN-370-8,PORN - CHILD - OTHER,2024-11-16,2151,6400 PADDINGTON CT,CENTREVILLE,VA,20121
1,ASSLT-13B-1,ASSAULT - SIMPLE; NOT AGGRAVATED,2024-11-16,2129,5400 GAINSBOROUGH DR,FAIRFAX,VA,22032
1,SERV-29,SERVICE - DOMESTIC DISPUTE,2024-11-16,2205,2300 PADDOCK LN,RESTON,VA,20191
1,ASSLT-13B-1,ASSAULT - SIMPLE; NOT AGGRAVATED,2024-11-16,2230,13900 ROCKLAND VILLAGE DR,CHANTILLY,VA,20151
2,LARC-23-9,LARCENY -  ALL OTHER LARCENY,2024-11-16,2230,13900 ROCKLAND VILLAGE DR,CHANTILLY,VA,20151
1,ASSLT-13B-1,ASSAULT - SIMPLE; NOT AGGRAVATED,2024-11-16,2252,8100 ARLINGTON BLVD,FALLS CHURCH,VA,22042
1,SERV-1,SERVICE - POLICE SERVICE,2024-11-16,2254,12100 FAIRFAX TOWNE CTR,FAIRFAX,VA,22033
2,ASSLT-13B-1,ASSAULT - SIMPLE; NOT AGGRAVATED,2024-11-16,2158,4900 WESTONE PLZ,CHANTILLY,VA,20151
1,ABDCT-100-1,ABDUCTION - KIDNAPPING/ABDUCTION,2024-11-16,2158,4900 WESTONE PLZ,CHANTILLY,VA,20151
3,LARC-23-9,LARCENY -  ALL OTHER LARCENY,2024-11-16,2158,4900 WESTONE PLZ,CHANTILLY,VA,20151
4,FRAUD-26B-1,FRAUD - CREDIT CARD/AUTOMATED TELLER MACHINE FRAUD,2024-11-16,2158,4900 WESTONE PLZ,CHANTILLY,VA,20151
1,ASSLT-13B-1,ASSAULT - SIMPLE; NOT AGGRAVATED,2024-11-16,2249,7800 PATRIOT DR,ANNANDALE,VA,22003
1,DRUNK-90Z-1,DRUNK - DRUNK/PROFANE IN PUBLIC,2024-11-16,2256,6000 ARGYLE DR,FALLS CHURCH,VA,22041
2,PUB-90Z-4,PUBLIC SAFETY - FALSE SUMMONS EMS/FD ALARM ACTIVATION,2024-11-16,2256,6000 ARGYLE DR,FALLS CHURCH,VA,22041
1,SERV-29,SERVICE - DOMESTIC DISPUTE,2024-11-16,2219,13100 AUTUMN WOODS WAY,FAIRFAX,VA,22033
1,ASSLT-13B-1,ASSAULT - SIMPLE; NOT AGGRAVATED,2024-11-16,2330,7200 COLUMBIA PIKE,ANNANDALE,VA,22003
1,DEST-290-2,DESTRUCTION - PRIVATE PROPERTY,2024-11-16,2326, CENTREWOOD DR / FIELD ENCAMPMENT RD,CENTREVILLE,VA,20121
1,ASSLT-13B-1,ASSAULT - SIMPLE; NOT AGGRAVATED,2024-11-16,2300,4400 OAKDALE CRESCENT CT,FAIRFAX,VA,22030
2,WARR-90Z-4,WARRANT - WARRANT SERVICE,2024-11-16,2300,4400 OAKDALE CRESCENT CT,FAIRFAX,VA,22030
1,DEST-290-2,DESTRUCTION - PRIVATE PROPERTY,2024-11-16,1600,1100 COLVIN MILL CT,GREAT FALLS,VA,22066
1,SUSP-1,SUSPICIOUS - EVENT,2024-11-16,1400,2000 PEACH ORCHARD DR,FALLS CHURCH,VA,22043
1,ANML-90Z-3,ANIMAL - LICENSE VIOLATION,2024-11-16,1600,4100 MAPLE AVE,FAIRFAX,VA,22032
2,ANML-90Z-6,ANIMAL - ANIMAL BITE - DOMESTIC,2024-11-16,1600,4100 MAPLE AVE,FAIRFAX,VA,22032
1,DEST-290-2,DESTRUCTION - PRIVATE PROPERTY,2024-11-16,1700,5600 CHAPEL RUN CT,CENTREVILLE,VA,20120
1,DEST-290-2,DESTRUCTION - PRIVATE PROPERTY,2024-11-16,0804,11300 SUNSET HILLS RD,RESTON,VA,20190
1,ANML-90Z-6,ANIMAL - ANIMAL BITE - DOMESTIC,2024-11-16,0958,6400 OLD SCOTTS CT,SPRINGFIELD,VA,22152
1,ANML-90Z-6,ANIMAL - ANIMAL BITE - DOMESTIC,2024-11-16,1316,1000 SAFA ST,HERNDON,VA,20170
1,DEST-290-2,DESTRUCTION - PRIVATE PROPERTY,2024-11-16,1200,6200 LINWAY TER,MCLEAN,VA,22101
1,SERV-8,SERVICE - LOST/FOUND PROPERTY,2024-11-16,1000,6500 BACKLICK RD,SPRINGFIELD,VA,22150
1,SUSP-2,SUSPICIOUS - PERSON,2024-11-16,0815,13300 FAIRFIELD RIDGE AVE,HERNDON,VA,20171
2,SERV-45,SRO RELATED EVENT,2024-11-16,0815,13300 FAIRFIELD RIDGE AVE,HERNDON,VA,20171
1,SERV-1,SERVICE - POLICE SERVICE,2024-11-16,1103,1500 WESTBRANCH DR,MCLEAN,VA,22102
1,ANML-90Z-6,ANIMAL - ANIMAL BITE - DOMESTIC,2024-11-16,1429,1900 HULL RD,VIENNA,VA,22182
1,LARC-23-3,LARCENY - SHOPLIFTING,2024-11-17,0006,3400 HOLLY RD,ANNANDALE,VA,22003
1,TRES-90J-1,TRESPASSING - PRIVATE PROPERTY,2024-11-17,0036,11900 BOWMAN TOWNE DR,RESTON,VA,20190
1,SERV-8,SERVICE - LOST/FOUND PROPERTY,2024-11-17,0024,6200 BACKLICK RD,SPRINGFIELD,VA,22150
1,SUSP-4,SUSPICIOUS - NOISE,2024-11-17,0052, RT286 NB RAMP TO RT606 / RT606 RAMP TO RT286 NB,FAIRFAX,VA,20190
1,SERV-29,SERVICE - DOMESTIC DISPUTE,2024-11-17,0140,9900 GEORGETOWN PIKE,GREAT FALLS,VA,22066
1,SUSP-3,SUSPICIOUS - VEHICLE,2024-11-17,0142, ANNANDALE RD / MARKHAM ST,ANNANDALE,VA,22003
1,SERV-32,SERVICE - STOLEN AUTO RECOVERY OTHER JURISDICTION,2024-11-17,0136, FRONTIER DR / SPRING MALL RD,SPRINGFIELD,VA,22150
1,ASSLT-13B-1,ASSAULT - SIMPLE; NOT AGGRAVATED,2024-11-17,0145,7200 LITTLE RIVER TPKE,ANNANDALE,VA,22003
1,SERV-2,SERVICE - CIVIL DISPUTE,2024-11-17,0239,7400 LINDA LN,FALLS CHURCH,VA,22042
1,SERV-29,SERVICE - DOMESTIC DISPUTE,2024-11-17,0235,14000 VERONA LN,CENTREVILLE,VA,20120
1,ASSLT-13B-1,ASSAULT - SIMPLE; NOT AGGRAVATED,2024-11-17,0238,2000 HUNTINGTON AVE,ALEXANDRIA,VA,22303
2,DISORD-90C-10,DISORDERLY - OBSTRUCT EMS/FD; CROSS POLICE BARRIERS,2024-11-17,0238,2000 HUNTINGTON AVE,ALEXANDRIA,VA,22303
3,DRUNK-90Z-1,DRUNK - DRUNK/PROFANE IN PUBLIC,2024-11-17,0238,2000 HUNTINGTON AVE,ALEXANDRIA,VA,22303
1,SUSP-1,SUSPICIOUS - EVENT,2024-11-17,0244,5600 SEMINARY RD,ALEXANDRIA,VA,22311
1,SERV-32,SERVICE - STOLEN AUTO RECOVERY OTHER JURISDICTION,2024-11-17,0236,4500 BROOKFIELD CORPORATE DR,CHANTILLY,VA,20151
1,AUTO-240-4,AUTO THEFT - AUTOS,2024-11-17,0030,6700 METROPOLITAN CENTER DR,SPRINGFIELD,VA,22150
1,WEAP-520-1,WEAPONS - CONCEALED WEAPON VIOLATION,2024-11-17,0224, RT50 EB RAMP TO WEST OX RD,FAIRFAX,VA,22033
1,SERV-47,SERVICE - NON-FATAL OVERDOSE (NFO),2024-11-17,0523,6300 LIGHTBURN CT,CENTREVILLE,VA,20121
1,SERV-1,SERVICE - POLICE SERVICE,2024-11-17,0624,2300 DULLES STATION BLVD,HERNDON,VA,20171
1,SERV-29,SERVICE - DOMESTIC DISPUTE,2024-11-17,0749,6000 LEESBURG PIKE,FALLS CHURCH,VA,22041
1,TRES-90J-1,TRESPASSING - PRIVATE PROPERTY,2024-11-17,0843,3500 SOUTH JEFFERSON ST,FALLS CHURCH,VA,22041
1,SERV-1,SERVICE - POLICE SERVICE,2024-11-17,0836,8400 MONACAN RD,LORTON,VA,22079
1,ANML-4,ANIMAL - SERVICE - WILD,2024-11-17,0845, COLVIN FOREST DR / LEESBURG PIKE,VIENNA,VA,22182
2,SERV-6,SERVICE - ANIMAL DESTROYED BY SERVICE WEAPON,2024-11-17,0845, COLVIN FOREST DR / LEESBURG PIKE,VIENNA,VA,22182
1,SERV-37,SERVICE - MISSING JUVENILE,2024-11-17,0850,3900 PERSIMMON DR,FAIRFAX,VA,22031
1,ASSLT-13B-1,ASSAULT - SIMPLE; NOT AGGRAVATED,2024-11-17,0901,8100 TIS WELL DR,ALEXANDRIA,VA,22306
1,SERV-29,SERVICE - DOMESTIC DISPUTE,2024-11-17,0908,14400 HARDEE CHAMBLISS CT,CENTREVILLE,VA,20120
1,ANML-90Z-6,ANIMAL - ANIMAL BITE - DOMESTIC,2024-11-17,0956,12900 FAIR LAKES SHOPPING CTR,FAIRFAX,VA,22033
1,SERV-29,SERVICE - DOMESTIC DISPUTE,2024-11-17,0927,11200 CHESTNUT GROVE SQ,RESTON,VA,20190
1,SERV-29,SERVICE - DOMESTIC DISPUTE,2024-11-17,1000,8500 VIRGINIA AVE,ANNANDALE,VA,22003
1,LARC-23-3,LARCENY - SHOPLIFTING,2024-11-17,1028,7900 HILLTOP VILLAGE CENTER DR,ALEXANDRIA,VA,22315
1,LARC-23-3,LARCENY - SHOPLIFTING,2024-11-17,1010,3000 NUTLEY ST,FAIRFAX,VA,22031
1,AUTO-240-6,AUTO THEFT - OTHER VEHICLES,2024-11-17,0130, PADDINGTON LN / RYDELL RD,CENTREVILLE,VA,20121
1,LARC-23-3,LARCENY - SHOPLIFTING,2024-11-17,1041,2400 CENTREVILLE RD,HERNDON,VA,20171
1,SERV-6,SERVICE - ANIMAL DESTROYED BY SERVICE WEAPON,2024-11-17,1111,9800 COVENT CT,FAIRFAX,VA,22032
1,ROB-120-6,ROBBERY - COMMERCIAL,2024-11-17,1152,6800 COMMERCE ST,SPRINGFIELD,VA,22150
1,LARC-23-3,LARCENY - SHOPLIFTING,2024-11-17,1213,6700 RICHMOND HWY,ALEXANDRIA,VA,22306
1,ASSLT-13B-1,ASSAULT - SIMPLE; NOT AGGRAVATED,2024-11-17,1212,2400 MASONS FERRY DR,HERNDON,VA,20171
1,LARC-23-6,LARCENY - THEFT FROM MOTOR VEHICLE,2024-11-17,0930,14300 SAGUARO PL,CENTREVILLE,VA,20121
1,SERV-29,SERVICE - DOMESTIC DISPUTE,2024-11-17,1311,1400 MAYHURST BLVD,MCLEAN,VA,22102
1,LARC-23-3,LARCENY - SHOPLIFTING,2024-11-17,1350,1900 CHAIN BRIDGE RD,MCLEAN,VA,22102
1,SERV-29,SERVICE - DOMESTIC DISPUTE,2024-11-17,1241,9700 WATER OAK DR,FAIRFAX,VA,22031
1,ASSLT-13B-1,ASSAULT - SIMPLE; NOT AGGRAVATED,2024-11-17,1405,8700 SACRAMENTO DR,ALEXANDRIA,VA,22309
1,SUSP-1,SUSPICIOUS - EVENT,2024-11-17,0800,14300 WINDING WORDS CT,CENTREVILLE,VA,20120
1,DRUG-35A-10,DRUGS - OTHER DANGEROUS DRUGS POSSESSION,2024-11-17,1312,12100 FAIRFAX TOWNE CTR,FAIRFAX,VA,22033
2,WARR-90Z-4,WARRANT - WARRANT SERVICE,2024-11-17,1312,12100 FAIRFAX TOWNE CTR,FAIRFAX,VA,22033
1,LARC-23-3,LARCENY - SHOPLIFTING,2024-11-17,1304,6100 ARLINGTON BLVD,FALLS CHURCH,VA,22044
1,LARC-23-3,LARCENY - SHOPLIFTING,2024-11-17,1419,7900 HILLTOP VILLAGE CENTER DR,ALEXANDRIA,VA,22315
1,WARR-90Z-4,WARRANT - WARRANT SERVICE,2024-11-17,1420, ASHTON ST / FIELDING ST,ALEXANDRIA,VA,22309
1,SERV-47,SERVICE - NON-FATAL OVERDOSE (NFO),2024-11-17,1424,6500 LOISDALE CT,SPRINGFIELD,VA,22150
1,LARC-23-3,LARCENY - SHOPLIFTING,2024-11-17,1355,9500 OLD KEENE MILL RD,BURKE,VA,22015
1,ASSLT-13C-3,THREATS - TELEPHONE THREATS/ABUSE/OBSCENE,2024-11-17,1448,4300 SHERIDANS POINT CT,ALEXANDRIA,VA,22309
1,ANML-90Z-3,ANIMAL - LICENSE VIOLATION,2024-11-17,1437,8200 FRYE RD,ALEXANDRIA,VA,22309
2,ANML-90Z-1,ANIMAL - RUNNING AT LARGE/UNRESTRICTED,2024-11-17,1437,8200 FRYE RD,ALEXANDRIA,VA,22309
1,SERV-29,SERVICE - DOMESTIC DISPUTE,2024-11-17,1459,5800 CAMERON RUN TER,ALEXANDRIA,VA,22303
1,SERV-1,SERVICE - POLICE SERVICE,2024-11-17,1515, LAKE NEWPORT RD / NEWPORT SPRING CT,RESTON,VA,20194
1,SERV-11,SERVICE - NATURAL DEATH,2024-11-17,1452,4200 KINCAID CT,CHANTILLY,VA,20151
1,FAM-90F-2,FAMILY - CONTRIBUTE TO DELINQUENCY OF MINOR,2024-11-17,1500,2200 HUNTERS WOODS PLZ,RESTON,VA,20191
1,SERV-8,SERVICE - LOST/FOUND PROPERTY,2024-11-17,1542,7600 RICHMOND HWY,ALEXANDRIA,VA,22306
1,ASSLT-13B-1,ASSAULT - SIMPLE; NOT AGGRAVATED,2024-11-17,0800,7100 BRADDOCK RD,ANNANDALE,VA,22003
1,SERV-29,SERVICE - DOMESTIC DISPUTE,2024-11-17,1504,7100 RICHMOND HWY,ALEXANDRIA,VA,22306
1,WARR-90Z-4,WARRANT - WARRANT SERVICE,2024-11-17,1433, CLIFTON RD / ROUTE 29,FAIRFAX,VA,20120
1,SUSP-1,SUSPICIOUS - EVENT,2024-11-17,1559,13800 WALL RD,HERNDON,VA,20171
1,TRES-90J-1,TRESPASSING - PRIVATE PROPERTY,2024-11-17,1607,6300 MULTIPLEX DR,CENTREVILLE,VA,20121
2,DRUNK-90Z-1,DRUNK - DRUNK/PROFANE IN PUBLIC,2024-11-17,1607,6300 MULTIPLEX DR,CENTREVILLE,VA,20121
1,ASSLT-13B-1,ASSAULT - SIMPLE; NOT AGGRAVATED,2024-11-17,1533, GALLERIA DR / WESTPARK DR,MCLEAN,VA,22102
1,LARC-23-3,LARCENY - SHOPLIFTING,2024-11-17,1619,9500 BLAKE LN,FAIRFAX,VA,22031
2,DRUNK-90Z-1,DRUNK - DRUNK/PROFANE IN PUBLIC,2024-11-17,1619,9500 BLAKE LN,FAIRFAX,VA,22031
1,LARC-23-3,LARCENY - SHOPLIFTING,2024-11-17,1652,5100 LEESBURG PIKE,FALLS CHURCH,VA,22041
1,TRES-90J-1,TRESPASSING - PRIVATE PROPERTY,2024-11-17,1649,11900 BOWMAN TOWNE DR,RESTON,VA,20190
1,SERV-1,SERVICE - POLICE SERVICE,2024-11-17,1705,9700 FIVE OAKS RD,FAIRFAX,VA,22031
1,ASSLT-13B-1,ASSAULT - SIMPLE; NOT AGGRAVATED,2024-11-17,1646,7700 HAYNES POINT WAY,ALEXANDRIA,VA,22315
1,ANML-3,ANIMAL - SERVICE - DOMESTIC,2024-11-17,1655,1500 ANDERSON RD,MCLEAN,VA,22102
1,LARC-23-3,LARCENY - SHOPLIFTING,2024-11-17,1639,5800 KINGSTOWNE BLVD,ALEXANDRIA,VA,22315
1,ASSLT-13B-1,ASSAULT - SIMPLE; NOT AGGRAVATED,2024-11-17,1646,13300 APGAR PL,HERNDON,VA,20170
1,LARC-23-3,LARCENY - SHOPLIFTING,2024-11-17,1745,7200 LITTLE RIVER TPKE,ANNANDALE,VA,22003
1,AUTO-240-6,AUTO THEFT - OTHER VEHICLES,2024-11-17,1030,5800 KINGSTOWNE BLVD,ALEXANDRIA,VA,22315
1,SERV-29,SERVICE - DOMESTIC DISPUTE,2024-11-17,1748,13700 AUTUMN VALE CT,CHANTILLY,VA,20151
2,LARC-23-3,LARCENY - SHOPLIFTING,2024-11-17,1826,6900 HECHINGER DR,SPRINGFIELD,VA,22151
1,ASSLT-13B-1,ASSAULT - SIMPLE; NOT AGGRAVATED,2024-11-17,1826,6900 HECHINGER DR,SPRINGFIELD,VA,22151
2,SUSP-1,SUSPICIOUS - EVENT,2024-11-17,1734,4400 AIRLIE WAY,ANNANDALE,VA,22003
1,DEST-290-2,DESTRUCTION - PRIVATE PROPERTY,2024-11-17,1620,13800 BRADDOCK RD,CENTREVILLE,VA,20121
1,LARC-23-3,LARCENY - SHOPLIFTING,2024-11-17,1411,12100 SUNSET HILLS RD,RESTON,VA,20190
1,LARC-23-9,LARCENY -  ALL OTHER LARCENY,2024-11-17,1905,5800 KINGSTOWNE BLVD,ALEXANDRIA,VA,22315
1,DEST-290-2,DESTRUCTION - PRIVATE PROPERTY,2024-11-17,1720, FRYING PAN RD / SUNRISE VALLEY DR,HERNDON,VA,20171
1,SERV-29,SERVICE - DOMESTIC DISPUTE,2024-11-17,1805,1700 OLD MEADOW RD,MCLEAN,VA,22102
1,SERV-1,SERVICE - POLICE SERVICE,2024-11-17,1850,6200 SEVEN CORNERS CTR,FALLS CHURCH,VA,22044
1,SERV-2,SERVICE - CIVIL DISPUTE,2024-11-17,1817,3800 HAVENWOOD PL,ALEXANDRIA,VA,22309
1,DEST-290-6,DESTRUCTION - OTHER,2024-11-17,1816,2300 HUNTINGTON AVE,ALEXANDRIA,VA,22303
1,LARC-23-6,LARCENY - THEFT FROM MOTOR VEHICLE,2024-11-17,1500,6200 BACKLICK RD,SPRINGFIELD,VA,22150
1,LARC-23-6,LARCENY - THEFT FROM MOTOR VEHICLE,2024-11-17,0620,3900 LINDA LN,ANNANDALE,VA,22003
1,SUSP-1,SUSPICIOUS - EVENT,2024-11-17,1053,5900 RIVER DR,LORTON,VA,22079
1,SERV-29,SERVICE - DOMESTIC DISPUTE,2024-11-17,1330,2300 GENERATION DR,RESTON,VA,20191
2,SERV-23,SERVICE - MISSING ADULT,2024-11-17,1330,2300 GENERATION DR,RESTON,VA,20191
1,SUSP-1,SUSPICIOUS - EVENT,2024-11-17,1737,3600 FOREST DR,ALEXANDRIA,VA,22302
1,SUSP-1,SUSPICIOUS - EVENT,2024-11-17,1735,6100 ASHER CT,CENTREVILLE,VA,20121
1,SERV-29,SERVICE - DOMESTIC DISPUTE,2024-11-17,1828,8300 TOBIN RD,ANNANDALE,VA,22003
1,DRUG-35A-10,DRUGS - OTHER DANGEROUS DRUGS POSSESSION,2024-11-17,1922, I95 / LORTON RD,LORTON,VA,22079
1,LARC-23-3,LARCENY - SHOPLIFTING,2024-11-17,1945,5800 KINGSTOWNE BLVD,ALEXANDRIA,VA,22315
1,SERV-29,SERVICE - DOMESTIC DISPUTE,2024-11-17,1950,4500 BROOKFIELD CORPORATE DR,CHANTILLY,VA,20151
1,LARC-23-3,LARCENY - SHOPLIFTING,2024-11-17,1945,5800 KINGSTOWNE BLVD,ALEXANDRIA,VA,22315
1,LARC-23-6,LARCENY - THEFT FROM MOTOR VEHICLE,2024-11-17,1900,11900 BARREL COOPER CT,RESTON,VA,20191
1,DISORD-90C-2,DISORDERLY - DISORDERLY CONDUCT,2024-11-17,2042,5200 GARNER ST,SPRINGFIELD,VA,22151
1,SERV-29,SERVICE - DOMESTIC DISPUTE,2024-11-17,2037,3200 GALLOWS RD,FAIRFAX,VA,22031
1,SERV-29,SERVICE - DOMESTIC DISPUTE,2024-11-17,2045,6200 WILSON BLVD,FALLS CHURCH,VA,22044
1,SERV-2,SERVICE - CIVIL DISPUTE,2024-11-17,2046,12200 LAUREL GLADE CT,RESTON,VA,20191
1,LARC-23-3,LARCENY - SHOPLIFTING,2024-11-17,2042,11200 JAMES SWART CIR,FAIRFAX,VA,22030
2,TRES-90J-1,TRESPASSING - PRIVATE PROPERTY,2024-11-17,2042,11200 JAMES SWART CIR,FAIRFAX,VA,22030
1,SUSP-1,SUSPICIOUS - EVENT,2024-11-17,2117, FERRY LANDING CT,ALEXANDRIA,VA,22309
1,PEEP-90Z-1,PEEP - PEEPING,2024-11-17,2136,400 CYNTHIA LN,VIENNA,VA,22180
1,TRES-90J-4,TRESPASSING - SCHOOL/CHURCH/CEMETERY,2024-11-17,2039,4200 LEES CORNER RD,CHANTILLY,VA,20151
1,ASSLT-13B-1,ASSAULT - SIMPLE; NOT AGGRAVATED,2024-11-17,2157,10400 FAIRFAX VILLAGE DR,FAIRFAX,VA,22030
1,SERV-51,SERVICE - SWATTING CALL,2024-11-17,2204,7800 WESTMONT LN,MCLEAN,VA,22102
2,SUSP-1,SUSPICIOUS - EVENT,2024-11-17,2204,7800 WESTMONT LN,MCLEAN,VA,22102
1,SERV-47,SERVICE - NON-FATAL OVERDOSE (NFO),2024-11-17,2212,9100 RICHMOND HWY,FORT BELVOIR,VA,22060
1,TRES-90J-1,TRESPASSING - PRIVATE PROPERTY,2024-11-17,2138,14100 ROUTE 29,CENTREVILLE,VA,20120
2,SERV-1,SERVICE - POLICE SERVICE,2024-11-17,2138,14100 ROUTE 29,CENTREVILLE,VA,20120
1,SERV-8,SERVICE - LOST/FOUND PROPERTY,2024-11-17,1830,6300 WALKER LN,ALEXANDRIA,VA,22310
1,TRES-90J-6,TRESPASSING - OTHER,2024-11-17,2250,7900 WESTPARK DR,MCLEAN,VA,22102
1,DRUG-35A-1,DRUGS - OPIUM/COCAINE POSSESSION,2024-11-17,2226,6100 ARLINGTON BLVD,FALLS CHURCH,VA,22044
1,ASSLT-13B-1,ASSAULT - SIMPLE; NOT AGGRAVATED,2024-11-17,2324,6500 WESTHAVEN LN,SPRINGFIELD,VA,22150
1,TRES-90J-1,TRESPASSING - PRIVATE PROPERTY,2024-11-17,2317,2700 GALLOWS RD,VIENNA,VA,22180
1,TRES-90J-1,TRESPASSING - PRIVATE PROPERTY,2024-11-17,2348,6000 BELLVIEW DR,FALLS CHURCH,VA,22041
1,DEST-290-2,DESTRUCTION - PRIVATE PROPERTY,2024-11-17,2358,9400 MOOREGATE CT,LORTON,VA,22079
1,LARC-23-6,LARCENY - THEFT FROM MOTOR VEHICLE,2024-11-17,2250,7900 WESTPARK DR,MCLEAN,VA,22102
1,BURG-220-3,BURGLARY/BREAKING AND ENTERING,2024-11-17,2356,14200 SULLYFIELD CIR,CHANTILLY,VA,20151
1,LARC-23-3,LARCENY - SHOPLIFTING,2024-11-17,1730,1900 CHAIN BRIDGE RD,MCLEAN,VA,22102
1,LARC-23-6,LARCENY - THEFT FROM MOTOR VEHICLE,2024-11-17,2356,14200 SULLYFIELD CIR,CHANTILLY,VA,20151
1,SUSP-2,SUSPICIOUS - PERSON,2024-11-17,1753,4600 NEELY ANN CT,ALEXANDRIA,VA,22310
1,ANML-90Z-6,ANIMAL - ANIMAL BITE - DOMESTIC,2024-11-17,1200,7600 LONG PINE DR,SPRINGFIELD,VA,22151
1,SERV-1,SERVICE - POLICE SERVICE,2024-11-17,1700,1500 CORNERSIDE BLVD,VIENNA,VA,22182
1,SERV-29,SERVICE - DOMESTIC DISPUTE,2024-11-17,0130,2900 ASHDOWN FOREST DR,HERNDON,VA,20171
1,ANML-90Z-6,ANIMAL - ANIMAL BITE - DOMESTIC,2024-11-17,1533,3800 MAPLE HILL RD,FAIRFAX,VA,22033
1,SERV-1,SERVICE - POLICE SERVICE,2024-11-17,1700,6000 ESSEX HOUSE SQ,ALEXANDRIA,VA,22310
1,LARC-23-4,LARCENY - THEFT FROM BUILDING,2024-11-17,2300,2200 CASTLE ROCK SQ,RESTON,VA,20191
1,SERV-33,SERVICE - NON DMV REPORTABLE CRASH,2024-11-17,1850,11800 SPECTRUM CTR,RESTON,VA,20190
1,LARC-23-3,LARCENY - SHOPLIFTING,2024-11-17,1134,7700 RICHMOND HWY,ALEXANDRIA,VA,22306
1,SUSP-1,SUSPICIOUS - EVENT,2024-11-17,1137,8100 LOISDALE RD,SPRINGFIELD,VA,22150
1,ANML-90Z-6,ANIMAL - ANIMAL BITE - DOMESTIC,2024-11-17,1339,8100 REVATOM CT,DUNN LORING,VA,22027
1,DEST-290-2,DESTRUCTION - PRIVATE PROPERTY,2024-11-17,0000,11500 ROLLING GREEN CT,RESTON,VA,20191
1,LARC-23-6,LARCENY - THEFT FROM MOTOR VEHICLE,2024-11-17,1600,2600 WAGON DR,ALEXANDRIA,VA,22303
1,SERV-29,SERVICE - DOMESTIC DISPUTE,2024-11-18,0155,3300 GLEN CARLYN DR,FALLS CHURCH,VA,22041
1,DRUG-35A-1,DRUGS - OPIUM/COCAINE POSSESSION,2024-11-18,0251,2500 CENTREVILLE RD,HERNDON,VA,20171
1,LARC-23-3,LARCENY - SHOPLIFTING,2024-11-18,0301,7600 RICHMOND HWY,ALEXANDRIA,VA,22306
1,LARC-23-3,LARCENY - SHOPLIFTING,2024-11-18,0301,7600 RICHMOND HWY,ALEXANDRIA,VA,22306
1,LARC-23-3,LARCENY - SHOPLIFTING,2024-11-18,0301,7600 RICHMOND HWY,ALEXANDRIA,VA,22306
1,ASSLT-13B-1,ASSAULT - SIMPLE; NOT AGGRAVATED,2024-11-18,0208,13500 CANADA GOOSE CT,CLIFTON,VA,20124
1,DRUNK-90Z-1,DRUNK - DRUNK/PROFANE IN PUBLIC,2024-11-18,0141,7900 BACKLICK RD,SPRINGFIELD,VA,22150
1,SUSP-3,SUSPICIOUS - VEHICLE,2024-11-18,0324,11600 CHARTER OAK CT,RESTON,VA,20190
1,ASSLT-13B-1,ASSAULT - SIMPLE; NOT AGGRAVATED,2024-11-18,0200,13100 FOX HUNT LN,HERNDON,VA,20171
1,TRES-90J-7,TRESPASSING - UNLAWFUL ENTRY,2024-11-18,0514,7100 OLD KEENE MILL RD,SPRINGFIELD,VA,22150
1,FRAUD-26C-1,FRAUD - IMPERSONATION,2024-11-18,0735,8600 BENT ARROW CT,SPRINGFIELD,VA,22153
1,SERV-33,SERVICE - NON DMV REPORTABLE CRASH,2024-11-18,0724,13200 PARCHER AVE,HERNDON,VA,20170
1,FRAUD-26C-1,FRAUD - IMPERSONATION,2024-11-18,0823,9500 ROCKPORT RD,VIENNA,VA,22180
1,ASSLT-13B-1,ASSAULT - SIMPLE; NOT AGGRAVATED,2024-11-18,0740,2900 DISTRICT AVE,FAIRFAX,VA,22031
1,FRAUD-26C-1,FRAUD - IMPERSONATION,2024-11-18,0909,4200 ZOUAVE LN,FAIRFAX,VA,22033
1,SERV-4,SERVICE - INJURED/SICK PERSON,2024-11-18,0600,5700 SPINDLE CT,CENTREVILLE,VA,20121
2,SERV-45,SRO RELATED EVENT,2024-11-18,0600,5700 SPINDLE CT,CENTREVILLE,VA,20121
1,ANML-3,ANIMAL - SERVICE - DOMESTIC,2024-11-18,0918,6000 CREEKSTONE LN,CENTREVILLE,VA,20120
1,SERV-1,SERVICE - POLICE SERVICE,2024-11-18,0810,2900 PEYTON RANDOLPH DR,FALLS CHURCH,VA,22044
1,SERV-1,SERVICE - POLICE SERVICE,2024-11-18,0810,1800 TOWN CENTER PKWY,RESTON,VA,20190
1,WARR-90Z-4,WARRANT - WARRANT SERVICE,2024-11-18,0921,7200 LITTLE RIVER TPKE,ANNANDALE,VA,22003
1,LARC-23-3,LARCENY - SHOPLIFTING,2024-11-18,0748,7700 RICHMOND HWY,ALEXANDRIA,VA,22306
2,SERV-29,SERVICE - DOMESTIC DISPUTE,2024-11-18,0921,6200 GREELEY BLVD,SPRINGFIELD,VA,22152
1,WARR-90Z-4,WARRANT - WARRANT SERVICE,2024-11-18,0921,6200 GREELEY BLVD,SPRINGFIELD,VA,22152
1,ASSLT-13B-1,ASSAULT - SIMPLE; NOT AGGRAVATED,2024-11-18,0908,13100 COPPER BROOK WAY,HERNDON,VA,20171
1,FRAUD-26B-1,FRAUD - CREDIT CARD/AUTOMATED TELLER MACHINE FRAUD,2024-11-18,1009,12000 TOWN SQUARE ST,RESTON,VA,20190
1,SERV-1,SERVICE - POLICE SERVICE,2024-11-18,0954,11600 RANDOM HILLS RD,FAIRFAX,VA,22030
1,DEST-290-2,DESTRUCTION - PRIVATE PROPERTY,2024-11-18,0945,8200 IDYLWOOD RD,VIENNA,VA,22182
1,SERV-30,SERVICE - LOST PASSPORT,2024-11-18,1051,14800 SMETHWICK PL,CENTREVILLE,VA,20120
1,ASSLT-13B-1,ASSAULT - SIMPLE; NOT AGGRAVATED,2024-11-18,1039,12400 ROUTE 50,FAIRFAX,VA,22033
1,FRAUD-26C-1,FRAUD - IMPERSONATION,2024-11-18,1113,8600 WILLOWMERE DR,VIENNA,VA,22180
1,SERV-1,SERVICE - POLICE SERVICE,2024-11-18,1123,7400 EXMORE ST,SPRINGFIELD,VA,22150
1,TRES-90J-1,TRESPASSING - PRIVATE PROPERTY,2024-11-18,1112,2400 CENTREVILLE RD,HERNDON,VA,20171
1,SERV-29,SERVICE - DOMESTIC DISPUTE,2024-11-18,1049,6000 FORREST HOLLOW LN,SPRINGFIELD,VA,22152
1,FRAUD-26C-1,FRAUD - IMPERSONATION,2024-11-18,1150,1600 VALENCIA WAY,RESTON,VA,20190
1,LARC-23-3,LARCENY - SHOPLIFTING,2024-11-18,1110,6200 SEVEN CORNERS CTR,FALLS CHURCH,VA,22044
1,WARR-90Z-4,WARRANT - WARRANT SERVICE,2024-11-18,1203,10500 JUDICIAL DR,FAIRFAX,VA,22030
1,WARR-90Z-11,WARRANT - PRELIMINARY PROTECTIVE ORDER,2024-11-18,0938,10500 JUDICIAL DR,FAIRFAX,VA,22030
1,EXTOR-210-1,EXTORTION/BLACKMAIL,2024-11-18,1131,5500 COROT CT,FAIRFAX,VA,22032
1,LARC-23-3,LARCENY - SHOPLIFTING,2024-11-18,1155,11600 MONUMENT DR,FAIRFAX,VA,22030
2,TRES-90J-1,TRESPASSING - PRIVATE PROPERTY,2024-11-18,1155,11600 MONUMENT DR,FAIRFAX,VA,22030
1,LARC-23-3,LARCENY - SHOPLIFTING,2024-11-18,1155,11600 MONUMENT DR,FAIRFAX,VA,22030
2,TRES-90J-1,TRESPASSING - PRIVATE PROPERTY,2024-11-18,1155,11600 MONUMENT DR,FAIRFAX,VA,22030
1,FRAUD-26C-1,FRAUD - IMPERSONATION,2024-11-18,1234,7200 HOPKINS CT,SPRINGFIELD,VA,22153
1,WARR-90Z-4,WARRANT - WARRANT SERVICE,2024-11-18,1135,14600 LEE RD,CHANTILLY,VA,20151
1,ANML-4,ANIMAL - SERVICE - WILD,2024-11-18,1158,12400 ALDER WOODS DR,FAIRFAX,VA,22033
1,SERV-1,SERVICE - POLICE SERVICE,2024-11-18,1246,1900 CHAIN BRIDGE RD,MCLEAN,VA,22102
1,SUSP-1,SUSPICIOUS - EVENT,2024-11-18,1209, MILLER HEIGHTS RD / OAKTON RD,OAKTON,VA,22124
1,DEST-290-2,DESTRUCTION - PRIVATE PROPERTY,2024-11-18,1155,7600 VIRGINIA AVE,FALLS CHURCH,VA,22043
1,ASSLT-13B-1,ASSAULT - SIMPLE; NOT AGGRAVATED,2024-11-18,0930,6200 RIDGE POND RD,CENTREVILLE,VA,20121
1,SERV-1,SERVICE - POLICE SERVICE,2024-11-18,0846,7900 GLENBARR CT,FAIRFAX STATION,VA,22039
1,ASSLT-13B-1,ASSAULT - SIMPLE; NOT AGGRAVATED,2024-11-18,1253,2400 THOMAS JEFFERSON DR,HERNDON,VA,20171
2,SERV-39,SERVICE - AVI THREAT SCHOOL,2024-11-18,1253,2400 THOMAS JEFFERSON DR,HERNDON,VA,20171
1,SERV-29,SERVICE - DOMESTIC DISPUTE,2024-11-18,1230,5200 PRAIRIE WILLOW WAY,CENTREVILLE,VA,20120
1,LARC-23-9,LARCENY -  ALL OTHER LARCENY,2024-11-18,1301,12100 SUNSET HILLS RD,RESTON,VA,20190
1,TRES-90J-1,TRESPASSING - PRIVATE PROPERTY,2024-11-18,1256,8400 RICHMOND HWY,ALEXANDRIA,VA,22309
1,LARC-23-3,LARCENY - SHOPLIFTING,2024-11-18,1307,8000 TYSONS CORNER CTR,MCLEAN,VA,22102
1,LARC-23-3,LARCENY - SHOPLIFTING,2024-11-18,1322,1500 CORNERSIDE BLVD,VIENNA,VA,22182
1,ANML-90Z-3,ANIMAL - LICENSE VIOLATION,2024-11-18,1337,1700 CHAIN BRIDGE RD,MCLEAN,VA,22102
2,ANML-3,ANIMAL - SERVICE - DOMESTIC,2024-11-18,1337,1700 CHAIN BRIDGE RD,MCLEAN,VA,22102
1,DEST-290-2,DESTRUCTION - PRIVATE PROPERTY,2024-11-18,1320,11000 RING RD,RESTON,VA,20190
1,ASSLT-13B-1,ASSAULT - SIMPLE; NOT AGGRAVATED,2024-11-18,1310,6500 SAND WEDGE CT,ALEXANDRIA,VA,22312
1,LARC-23-3,LARCENY - SHOPLIFTING,2024-11-18,1401,4800 BEAUREGARD ST,ALEXANDRIA,VA,22312
1,SERV-29,SERVICE - DOMESTIC DISPUTE,2024-11-18,1219,6000 RIXEY DR,ALEXANDRIA,VA,22303
1,SUSP-1,SUSPICIOUS - EVENT,2024-11-18,1421,4000 BRAXTON RD,CHANTILLY,VA,20151
2,TRES-90J-1,TRESPASSING - PRIVATE PROPERTY,2024-11-18,1348,8300 RICHMOND HWY,ALEXANDRIA,VA,22309
1,DISORD-90C-2,DISORDERLY - DISORDERLY CONDUCT,2024-11-18,1348,8300 RICHMOND HWY,ALEXANDRIA,VA,22309
1,ANML-90Z-1,ANIMAL - RUNNING AT LARGE/UNRESTRICTED,2024-11-18,1416,7800 RIDGEWOOD DR,ANNANDALE,VA,22003
2,ANML-90Z-3,ANIMAL - LICENSE VIOLATION,2024-11-18,1416,7800 RIDGEWOOD DR,ANNANDALE,VA,22003
1,ASSLT-13B-1,ASSAULT - SIMPLE; NOT AGGRAVATED,2024-11-18,1358,14400 COOL OAK LN,CENTREVILLE,VA,20121
1,SERV-1,SERVICE - POLICE SERVICE,2024-11-18,1235,4300 JOHN MARR DR,ANNANDALE,VA,22003
1,SERV-1,SERVICE - POLICE SERVICE,2024-11-18,1428,6100 ROLLING RD,SPRINGFIELD,VA,22152
1,SERV-33,SERVICE - NON DMV REPORTABLE CRASH,2024-11-18,1406,6800 MURRAY LN,ANNANDALE,VA,22003
1,SERV-8,SERVICE - LOST/FOUND PROPERTY,2024-11-18,1443, ALDER WOODS DR / RUGBY RD,FAIRFAX,VA,22033
1,DISORD-90C-2,DISORDERLY - DISORDERLY CONDUCT,2024-11-18,1436,8600 SACRAMENTO DR,ALEXANDRIA,VA,22309
1,SERV-1,SERVICE - POLICE SERVICE,2024-11-18,1400,5100 SOUTHAMPTON DR,ANNANDALE,VA,22003
1,ASSLT-13B-1,ASSAULT - SIMPLE; NOT AGGRAVATED,2024-11-18,0750,2500 JAMES MADISON DR,VIENNA,VA,22181
2,SERV-45,SRO RELATED EVENT,2024-11-18,0750,2500 JAMES MADISON DR,VIENNA,VA,22181
1,ASSLT-13B-1,ASSAULT - SIMPLE; NOT AGGRAVATED,2024-11-18,1454, CHANTILLY LACE CT / MEADOWLAND CT,CHANTILLY,VA,20151
1,SERV-1,SERVICE - POLICE SERVICE,2024-11-18,1524,1800 LIBRARY ST,RESTON,VA,20190
1,AUTO-240-4,AUTO THEFT - AUTOS,2024-11-18,1350,4200 WALNEY RD,CHANTILLY,VA,20151
1,WARR-90Z-4,WARRANT - WARRANT SERVICE,2024-11-18,0711,6400 RICHMOND HWY,ALEXANDRIA,VA,22306
1,LARC-23-3,LARCENY - SHOPLIFTING,2024-11-18,1523,11100 SOUTH LAKES DR,RESTON,VA,20191
1,ANML-3,ANIMAL - SERVICE - DOMESTIC,2024-11-18,1614,1500 THURBER ST,HERNDON,VA,20170
1,DEST-290-2,DESTRUCTION - PRIVATE PROPERTY,2024-11-18,1530,7500 LITTLE RIVER TPKE,ANNANDALE,VA,22003
1,ASSLT-13B-1,ASSAULT - SIMPLE; NOT AGGRAVATED,2024-11-18,1547, HARRIER DR / RUDDY DUCK RD,CLIFTON,VA,20124
1,DISORD-90C-2,DISORDERLY - DISORDERLY CONDUCT,2024-11-18,1530,6100 STONE RD,CENTREVILLE,VA,20120
1,SERV-1,SERVICE - POLICE SERVICE,2024-11-18,1430,6300 LIGHTBURN CT,CENTREVILLE,VA,20121
1,DEST-290-2,DESTRUCTION - PRIVATE PROPERTY,2024-11-18,1619,10000 COMMONWEALTH BLVD,FAIRFAX,VA,22032
2,SEX-90Z-1,SEX - INDECENT EXPOSURE,2024-11-18,1554,8000 TYSONS CORNER CTR,MCLEAN,VA,22102
1,DEST-290-2,DESTRUCTION - PRIVATE PROPERTY,2024-11-18,1554,8000 TYSONS CORNER CTR,MCLEAN,VA,22102
1,ASSLT-13B-1,ASSAULT - SIMPLE; NOT AGGRAVATED,2024-11-18,1657,8100 ARLINGTON BLVD,FALLS CHURCH,VA,22042
1,LARC-23-9,LARCENY -  ALL OTHER LARCENY,2024-11-18,1436,6000 SOFTWOOD TRL,MCLEAN,VA,22101
1,SERV-11,SERVICE - NATURAL DEATH,2024-11-18,1439,10600 SUMMER OAK CT,BURKE,VA,22015
1,TELE-90Z-1,TELEPHONE - RECORD/INTERCPT/OTHER VIOLATION,2024-11-18,1726,7500 LITTLE RIVER TPKE,ANNANDALE,VA,22003
1,SUSP-2,SUSPICIOUS - PERSON,2024-11-18,1500,7600 VIRGINIA AVE,FALLS CHURCH,VA,22043
1,FRAUD-26C-1,FRAUD - IMPERSONATION,2024-11-18,1742,1500 THURBER ST,HERNDON,VA,20170
1,LARC-23-3,LARCENY - SHOPLIFTING,2024-11-18,1714,12500 FAIR LAKES CIR,FAIRFAX,VA,22033
1,SERV-29,SERVICE - DOMESTIC DISPUTE,2024-11-18,1640,5500 SEMINARY RD,FALLS CHURCH,VA,22041
1,LARC-23-3,LARCENY - SHOPLIFTING,2024-11-18,1758,6200 LITTLE RIVER TPKE,ALEXANDRIA,VA,22312
1,LARC-23-3,LARCENY - SHOPLIFTING,2024-11-18,1705,5800 CROSSROADS CTR,FALLS CHURCH,VA,22041
1,LARC-23-3,LARCENY - SHOPLIFTING,2024-11-18,1722,8600 RICHMOND HWY,ALEXANDRIA,VA,22309
1,LARC-23-9,LARCENY -  ALL OTHER LARCENY,2024-11-18,1722,8600 RICHMOND HWY,ALEXANDRIA,VA,22309
1,LARC-23-3,LARCENY - SHOPLIFTING,2024-11-18,1641,8600 RICHMOND HWY,ALEXANDRIA,VA,22309
1,SERV-33,SERVICE - NON DMV REPORTABLE CRASH,2024-11-18,1740,12500 WHITE DR,FAIRFAX,VA,22030
1,LARC-23-3,LARCENY - SHOPLIFTING,2024-11-18,1815,8900 OX RD,LORTON,VA,22079
1,SERV-29,SERVICE - DOMESTIC DISPUTE,2024-11-18,1825,7200 NIGHTINGALE HILL LN,ALEXANDRIA,VA,22306
1,LARC-23-3,LARCENY - SHOPLIFTING,2024-11-18,1838,12100 SUNSET HILLS RD,RESTON,VA,20190
1,SERV-2,SERVICE - CIVIL DISPUTE,2024-11-18,1711,3900 PENDERVIEW DR,FAIRFAX,VA,22033
1,LARC-23-4,LARCENY - THEFT FROM BUILDING,2024-11-18,1839,6200 LITTLE RIVER TPKE,ALEXANDRIA,VA,22312
1,ASSLT-13B-1,ASSAULT - SIMPLE; NOT AGGRAVATED,2024-11-18,1747,5500 LAYNE ESTATES CT,ALEXANDRIA,VA,22310
1,LARC-23-3,LARCENY - SHOPLIFTING,2024-11-18,1852,6600 RICHMOND HWY,ALEXANDRIA,VA,22306
1,SERV-2,SERVICE - CIVIL DISPUTE,2024-11-18,1647,7300 BLADE DR,FALLS CHURCH,VA,22042
1,LARC-23-3,LARCENY - SHOPLIFTING,2024-11-18,1720,8000 ROLLING RD,SPRINGFIELD,VA,22153
2,SUSP-2,SUSPICIOUS - PERSON,2024-11-18,1917,15000 CONFERENCE CENTER DR,CHANTILLY,VA,20151
1,SERV-1,SERVICE - POLICE SERVICE,2024-11-18,1808,6200 ROSE HILL CT,ALEXANDRIA,VA,22310
1,SERV-29,SERVICE - DOMESTIC DISPUTE,2024-11-18,1707,4400 DIXIE HILL RD,FAIRFAX,VA,22030
1,LARC-23-9,LARCENY -  ALL OTHER LARCENY,2024-11-18,0230,2900 DISTRICT AVE,FAIRFAX,VA,22031
1,SUSP-1,SUSPICIOUS - EVENT,2024-11-18,1919,7600 BROADWAY DR,FALLS CHURCH,VA,22043
1,LARC-23-4,LARCENY - THEFT FROM BUILDING,2024-11-18,1853,6300 LITTLE RIVER TPKE,ALEXANDRIA,VA,22312
2,DRUNK-90Z-1,DRUNK - DRUNK/PROFANE IN PUBLIC,2024-11-18,1853,6300 LITTLE RIVER TPKE,ALEXANDRIA,VA,22312
1,NOISE-90Z-1,NOISE - NOISE VIOLATION,2024-11-18,1200,6400 ICHABOD PL,FALLS CHURCH,VA,22042
1,SERV-29,SERVICE - DOMESTIC DISPUTE,2024-11-18,1952,5700 HOLLOW OAK LN,CENTREVILLE,VA,20121
1,LARC-23-3,LARCENY - SHOPLIFTING,2024-11-18,1835,6600 FRONTIER DR,SPRINGFIELD,VA,22150
1,DEST-290-2,DESTRUCTION - PRIVATE PROPERTY,2024-11-18,1828,12200 LINCOLN LAKE WAY,FAIRFAX,VA,22030
1,LARC-23-3,LARCENY - SHOPLIFTING,2024-11-18,2010,8600 RICHMOND HWY,ALEXANDRIA,VA,22309
1,LARC-23-3,LARCENY - SHOPLIFTING,2024-11-18,1413,5700 KINGSTOWNE BLVD,ALEXANDRIA,VA,22315
1,DEST-290-1,DESTRUCTION - PUBLIC PROPERTY,2024-11-18,2023,7000 CLIFTON RD,CLIFTON,VA,20124
1,SERV-37,SERVICE - MISSING JUVENILE,2024-11-18,2015,3700 ACOSTA RD,FAIRFAX,VA,22031
1,SERV-29,SERVICE - DOMESTIC DISPUTE,2024-11-18,1755,2300 GLADE BANK WAY,RESTON,VA,20191
2,ANML-4,ANIMAL - SERVICE - WILD,2024-11-18,2116,9500 OLD CREEK DR,FAIRFAX,VA,22032
1,ANML-90Z-3,ANIMAL - LICENSE VIOLATION,2024-11-18,2116,9500 OLD CREEK DR,FAIRFAX,VA,22032
1,ASSLT-13B-1,ASSAULT - SIMPLE; NOT AGGRAVATED,2024-11-18,2118,5800 SEMINARY RD,FALLS CHURCH,VA,22041
1,SERV-29,SERVICE - DOMESTIC DISPUTE,2024-11-18,1840,1600 BECONTREE LN,RESTON,VA,20190
1,LARC-23-3,LARCENY - SHOPLIFTING,2024-11-18,2127,8600 RICHMOND HWY,ALEXANDRIA,VA,22309
1,WARR-90Z-4,WARRANT - WARRANT SERVICE,2024-11-18,2118,8400 FRYE RD,ALEXANDRIA,VA,22309
1,LARC-23-9,LARCENY -  ALL OTHER LARCENY,2024-11-18,0200,6200 BREN MAR DR,ALEXANDRIA,VA,22312
1,SERV-2,SERVICE - CIVIL DISPUTE,2024-11-18,2159,8100 PRESCOTT DR,VIENNA,VA,22180
1,ASSLT-13B-1,ASSAULT - SIMPLE; NOT AGGRAVATED,2024-11-18,2245,3500 ARMFIELD FARM DR,CHANTILLY,VA,20151
1,SUSP-2,SUSPICIOUS - PERSON,2024-11-18,2238,13600 SMALLWOOD CT,CHANTILLY,VA,20151
1,SERV-29,SERVICE - DOMESTIC DISPUTE,2024-11-18,2259,7800 ARIEL WAY,MCLEAN,VA,22102
1,ASSLT-13B-1,ASSAULT - SIMPLE; NOT AGGRAVATED,2024-11-18,0240,6200 BREN MAR DR,ALEXANDRIA,VA,22312
1,LARC-23-6,LARCENY - THEFT FROM MOTOR VEHICLE,2024-11-18,2330,5600 COLUMBIA PIKE,FALLS CHURCH,VA,22041
1,SERV-1,SERVICE - POLICE SERVICE,2024-11-18,2147,2500 PARKERS LN,ALEXANDRIA,VA,22306
1,ASSLT-13B-1,ASSAULT - SIMPLE; NOT AGGRAVATED,2024-11-18,0747,5200 PRAIRIE WILLOW WAY,CENTREVILLE,VA,20120
1,WARR-90Z-1,ORDER - VIOLATE EPO/PO/PPO,2024-11-18,1708,2600 WILLIAM SHORT CIR,HERNDON,VA,20171
1,ASSLT-13C-5,THREATS - IN WRITING,2024-11-18,2131,9700 KATIE LEIGH CT,GREAT FALLS,VA,22066
1,SUSP-1,SUSPICIOUS - EVENT,2024-11-18,1530,7500 WOODSIDE LN,LORTON,VA,22079
1,LARC-23-3,LARCENY - SHOPLIFTING,2024-11-18,2100,9400 OLD BURKE LAKE RD,BURKE,VA,22015
1,DEST-290-6,DESTRUCTION - OTHER,2024-11-18,1055,1700 KIRBY RD,MCLEAN,VA,22101
1,SERV-8,SERVICE - LOST/FOUND PROPERTY,2024-11-18,1930,2200 STONE WHEEL DR,RESTON,VA,20191
1,LARC-23-3,LARCENY - SHOPLIFTING,2024-11-18,1700,6100 ROSE HILL DR,ALEXANDRIA,VA,22310
1,ANML-90Z-1,ANIMAL - RUNNING AT LARGE/UNRESTRICTED,2024-11-18,2100,3900 HIGHLAND OAKS DR,FAIRFAX,VA,22033
2,ANML-90Z-6,ANIMAL - ANIMAL BITE - DOMESTIC,2024-11-18,2100,3900 HIGHLAND OAKS DR,FAIRFAX,VA,22033
1,ANML-90Z-6,ANIMAL - ANIMAL BITE - DOMESTIC,2024-11-18,0944,6900 SOUTH VAN DORN ST,ALEXANDRIA,VA,22315
1,ANML-90Z-6,ANIMAL - ANIMAL BITE - DOMESTIC,2024-11-18,1015,9100 NORTHEDGE DR,SPRINGFIELD,VA,22153
1,SEX-90Z-1,SEX - INDECENT EXPOSURE,2024-11-18,1006,5800 BACKLICK RD,SPRINGFIELD,VA,22150
1,ASSLT-13B-1,ASSAULT - SIMPLE; NOT AGGRAVATED,2024-11-19,0013,5900 PARKRIDGE LN,ALEXANDRIA,VA,22310
1,SERV-1,SERVICE - POLICE SERVICE,2024-11-19,0118,10300 SADDLE VIEW CT,VIENNA,VA,22182
1,LARC-23-9,LARCENY -  ALL OTHER LARCENY,2024-11-19,0202,2800 BEACON HILL RD,ALEXANDRIA,VA,22306
1,SERV-29,SERVICE - DOMESTIC DISPUTE,2024-11-19,0053,9000 FUREY RD,LORTON,VA,22079
1,WARR-90Z-4,WARRANT - WARRANT SERVICE,2024-11-19,0423,10500 JUDICIAL DR,FAIRFAX,VA,22030
1,TRES-90J-3,TRESPASSING - PUBLIC/PARK PROPERTY,2024-11-19,0348,6200 ROLLING RD,SPRINGFIELD,VA,22152
1,SERV-1,SERVICE - POLICE SERVICE,2024-11-19,0513,2500 JOHN MILTON DR,HERNDON,VA,20171
1,SERV-1,SERVICE - POLICE SERVICE,2024-11-19,0000,5500 SEMINARY RD,FALLS CHURCH,VA,22041
1,LARC-23-3,LARCENY - SHOPLIFTING,2024-11-19,0634,3400 CHARLES ST,FALLS CHURCH,VA,22041
3,SERV-1,SERVICE - POLICE SERVICE,2024-11-19,0634,3400 CHARLES ST,FALLS CHURCH,VA,22041
2,DRUG-35A-13,DRUGS - OTHER,2024-11-19,0634,3400 CHARLES ST,FALLS CHURCH,VA,22041
1,SERV-1,SERVICE - POLICE SERVICE,2024-11-19,0640,7000 LEESTONE ST,SPRINGFIELD,VA,22151
1,ANML-90Z-6,ANIMAL - ANIMAL BITE - DOMESTIC,2024-11-19,0702,2300 WHEYSTONE CT,VIENNA,VA,22182
2,ANML-90Z-3,ANIMAL - LICENSE VIOLATION,2024-11-19,0702,2300 WHEYSTONE CT,VIENNA,VA,22182
1,SERV-8,SERVICE - LOST/FOUND PROPERTY,2024-11-19,0651,6100 ROLLING RD,SPRINGFIELD,VA,22152
1,ASSLT-13B-1,ASSAULT - SIMPLE; NOT AGGRAVATED,2024-11-19,0641,7700 DONNYBROOK CT,ANNANDALE,VA,22003
1,ASSLT-13B-1,ASSAULT - SIMPLE; NOT AGGRAVATED,2024-11-19,0724,9100 RICHMOND HWY,FORT BELVOIR,VA,22060
2,WARR-90Z-4,WARRANT - WARRANT SERVICE,2024-11-19,0736,4800 LEESBURG PIKE,ALEXANDRIA,VA,22302
1,DRUG-35A-10,DRUGS - OTHER DANGEROUS DRUGS POSSESSION,2024-11-19,0736,4800 LEESBURG PIKE,ALEXANDRIA,VA,22302
3,PUB-90Z-6,PUBLIC SAFETY - OBSTRUCTION OF JUSTICE,2024-11-19,0736,4800 LEESBURG PIKE,ALEXANDRIA,VA,22302
1,LARC-23-4,LARCENY - THEFT FROM BUILDING,2024-11-19,0718,6300 RICHMOND HWY,ALEXANDRIA,VA,22303
1,ANML-90Z-1,ANIMAL - RUNNING AT LARGE/UNRESTRICTED,2024-11-19,0729,5100 CHOWAN AVE,ALEXANDRIA,VA,22312
1,ANML-90Z-3,ANIMAL - LICENSE VIOLATION,2024-11-19,0756,13700 ROUTE 50,CHANTILLY,VA,20151
2,ANML-90Z-1,ANIMAL - RUNNING AT LARGE/UNRESTRICTED,2024-11-19,0756,13700 ROUTE 50,CHANTILLY,VA,20151
3,ANML-90Z-2,ANIMAL - RABIES CERTIFICATE VIOLATION,2024-11-19,0756,13700 ROUTE 50,CHANTILLY,VA,20151
1,WARR-90Z-4,WARRANT - WARRANT SERVICE,2024-11-19,0741,2500 PARKERS LN,ALEXANDRIA,VA,22306
1,TRES-90J-1,TRESPASSING - PRIVATE PROPERTY,2024-11-19,0859,3000 CEDAR LN,FAIRFAX,VA,22031
1,PORN-370-5,PORN - SELL/POSS/PROD OBSCENE ITEMS,2024-11-19,0953,12000 GOVERNMENT CENTER PKWY,FAIRFAX,VA,22035
1,ANML-90Z-1,ANIMAL - RUNNING AT LARGE/UNRESTRICTED,2024-11-19,0817,13900 METROTECH DR,CHANTILLY,VA,20151
1,SERV-29,SERVICE - DOMESTIC DISPUTE,2024-11-19,0932,11400 VALE RD,OAKTON,VA,22124
1,DISORD-90C-8,DISORDERLY - FALSE ALARM OR BOMB THREAT,2024-11-19,0810,4200 LEES CORNER RD,CHANTILLY,VA,20151
1,SERV-29,SERVICE - DOMESTIC DISPUTE,2024-11-19,0942,4000 LAKE GLEN RD,FAIRFAX,VA,22033
1,SERV-33,SERVICE - NON DMV REPORTABLE CRASH,2024-11-19,1043,4600 WEST OX RD,FAIRFAX,VA,22030
1,SERV-1,SERVICE - POLICE SERVICE,2024-11-19,1032,4000 ARCADIA RD,ALEXANDRIA,VA,22312
1,SERV-6,SERVICE - ANIMAL DESTROYED BY SERVICE WEAPON,2024-11-19,1027,4800 GAINSBOROUGH DR,FAIRFAX,VA,22032
1,SUSP-1,SUSPICIOUS - EVENT,2024-11-19,1008,6400 QUANDER RD,ALEXANDRIA,VA,22307
1,ANML-3,ANIMAL - SERVICE - DOMESTIC,2024-11-19,0904,5600 PICKWICK RD,CENTREVILLE,VA,20120
1,ASSLT-13B-1,ASSAULT - SIMPLE; NOT AGGRAVATED,2024-11-19,0819,14800 HAYMARKET LN,CENTREVILLE,VA,20120
1,SERV-1,SERVICE - POLICE SERVICE,2024-11-19,1136,14500 LEE RD,CHANTILLY,VA,20151
1,ANML-3,ANIMAL - SERVICE - DOMESTIC,2024-11-19,1054,8100 TIS WELL DR,ALEXANDRIA,VA,22306
1,SERV-1,SERVICE - POLICE SERVICE,2024-11-19,1139,2200 LOS PUEBLOS LN,FALLS CHURCH,VA,22043
1,SERV-1,SERVICE - POLICE SERVICE,2024-11-19,1155,12600 PLOW CT,FAIRFAX,VA,22030
1,SERV-1,SERVICE - POLICE SERVICE,2024-11-19,0800,5400 DANBURY FOREST DR,SPRINGFIELD,VA,22151
2,SERV-45,SRO RELATED EVENT,2024-11-19,0800,5400 DANBURY FOREST DR,SPRINGFIELD,VA,22151
1,ASSLT-13B-1,ASSAULT - SIMPLE; NOT AGGRAVATED,2024-11-19,1213,14200 SULLYFIELD CIR,CHANTILLY,VA,20151
2,SERV-2,SERVICE - CIVIL DISPUTE,2024-11-19,1213,14200 SULLYFIELD CIR,CHANTILLY,VA,20151
1,SUSP-1,SUSPICIOUS - EVENT,2024-11-19,1042,7900 RICHMOND HWY,ALEXANDRIA,VA,22306
1,SERV-1,SERVICE - POLICE SERVICE,2024-11-19,1228,12900 KATHERINE HANLEY CT,FAIRFAX,VA,22030
1,SUSP-1,SUSPICIOUS - EVENT,2024-11-19,1204,1900 GABLES LN,VIENNA,VA,22182
1,LARC-23-10,LARCENY - THEFT OF SERVICES,2024-11-19,1150,9400 BLAKE LN,FAIRFAX,VA,22031
1,SERV-1,SERVICE - POLICE SERVICE,2024-11-19,1249, BURKE CENTRE PKWY / ROBERTS PKWY,BURKE,VA,22015
1,SERV-1,SERVICE - POLICE SERVICE,2024-11-19,1138,7900 RICHMOND HWY,ALEXANDRIA,VA,22306
2,SERV-45,SRO RELATED EVENT,2024-11-19,1138,7900 RICHMOND HWY,ALEXANDRIA,VA,22306
1,SERV-1,SERVICE - POLICE SERVICE,2024-11-19,1119,9600 BURKE LAKE RD,BURKE,VA,22015
2,SERV-45,SRO RELATED EVENT,2024-11-19,1119,9600 BURKE LAKE RD,BURKE,VA,22015
1,ASSLT-13B-1,ASSAULT - SIMPLE; NOT AGGRAVATED,2024-11-19,1307,13500 MELVILLE LN,CHANTILLY,VA,20151
1,ASSLT-13C-3,THREATS - TELEPHONE THREATS/ABUSE/OBSCENE,2024-11-19,1331,11500 HEARTHSTONE CT,RESTON,VA,20191
1,ASSLT-13C-3,THREATS - TELEPHONE THREATS/ABUSE/OBSCENE,2024-11-19,0734,9500 MAIN ST,FAIRFAX,VA,22032
2,SERV-45,SRO RELATED EVENT,2024-11-19,0734,9500 MAIN ST,FAIRFAX,VA,22032
1,SUSP-2,SUSPICIOUS - PERSON,2024-11-19,0500,5100 HIRST VALLEY WAY,CENTREVILLE,VA,20120
1,LARC-23-3,LARCENY - SHOPLIFTING,2024-11-19,1359,5900 KINGSTOWNE TOWNE CTR,ALEXANDRIA,VA,22315
1,LARC-23-3,LARCENY - SHOPLIFTING,2024-11-19,1406,8100 ARLINGTON BLVD,FALLS CHURCH,VA,22042
1,ASSLT-13A-1,ASSAULT - AGGRAVATED,2024-11-19,1418,5600 LEESBURG PIKE,FALLS CHURCH,VA,22041
1,SERV-1,SERVICE - POLICE SERVICE,2024-11-19,1517,6500 FRANCONIA RD,SPRINGFIELD,VA,22150
1,AUTO-240-4,AUTO THEFT - AUTOS,2024-11-19,1343,14200 SULLYFIELD CIR,CHANTILLY,VA,20151
1,SERV-47,SERVICE - NON-FATAL OVERDOSE (NFO),2024-11-19,1519,11400 CYPRESS POINT CT,RESTON,VA,20190
1,SERV-47,SERVICE - NON-FATAL OVERDOSE (NFO),2024-11-19,1429,8500 FUERTE CT,ALEXANDRIA,VA,22309
1,SERV-1,SERVICE - POLICE SERVICE,2024-11-19,1436,10700 PAGE AVE,FAIRFAX,VA,22030
1,ANML-90Z-3,ANIMAL - LICENSE VIOLATION,2024-11-19,1423,9100 MARIA AVE,GREAT FALLS,VA,22066
2,ANML-90Z-6,ANIMAL - ANIMAL BITE - DOMESTIC,2024-11-19,1423,9100 MARIA AVE,GREAT FALLS,VA,22066
1,DRUG-35A-10,DRUGS - OTHER DANGEROUS DRUGS POSSESSION,2024-11-19,0956,2700 BELLFOREST CT,VIENNA,VA,22180
1,SERV-39,SERVICE - AVI THREAT SCHOOL,2024-11-19,1607,5900 WESTCHESTER ST,ALEXANDRIA,VA,22310
1,EXTOR-210-1,EXTORTION/BLACKMAIL,2024-11-19,1530,5700 UNION MILL RD,CLIFTON,VA,20124
1,SERV-5,SERVICE - ANIMAL DESTROYED BY CHEMICAL,2024-11-19,1630,4800 FOX CHAPEL RD,FAIRFAX,VA,22030
1,SERV-39,SERVICE - AVI THREAT SCHOOL,2024-11-19,1629,1500 POWELLS TAVERN PL,HERNDON,VA,20170
1,SERV-29,SERVICE - DOMESTIC DISPUTE,2024-11-19,1543,5100 CONCORDIA ST,FAIRFAX,VA,22032
1,ASSLT-13B-1,ASSAULT - SIMPLE; NOT AGGRAVATED,2024-11-19,1653,6000 BURDON CT,ALEXANDRIA,VA,22315
1,SERV-33,SERVICE - NON DMV REPORTABLE CRASH,2024-11-19,1743, FAIRFAX COUNTY PKWY NB / STRINGFELLOW RD,FAIRFAX,VA,22033
1,WARR-90Z-4,WARRANT - WARRANT SERVICE,2024-11-19,1752,10500 JUDICIAL DR,FAIRFAX,VA,22030
1,ANML-90Z-1,ANIMAL - RUNNING AT LARGE/UNRESTRICTED,2024-11-19,1809,6100 STONE RD,CENTREVILLE,VA,20120
2,ANML-3,ANIMAL - SERVICE - DOMESTIC,2024-11-19,1809,6100 STONE RD,CENTREVILLE,VA,20120
1,ANML-3,ANIMAL - SERVICE - DOMESTIC,2024-11-19,1824,8400 BLANKENSHIP ST,ALEXANDRIA,VA,22309
1,SERV-29,SERVICE - DOMESTIC DISPUTE,2024-11-19,1736,700 BENNETT ST,HERNDON,VA,20170
1,ASSLT-13B-1,ASSAULT - SIMPLE; NOT AGGRAVATED,2024-11-19,1811,12900 KATHERINE HANLEY CT,FAIRFAX,VA,22030
1,LARC-23-9,LARCENY -  ALL OTHER LARCENY,2024-11-19,1754,7900 RICHMOND HWY,ALEXANDRIA,VA,22306
1,SUSP-2,SUSPICIOUS - PERSON,2024-11-19,1913,1900 CHAIN BRIDGE RD,MCLEAN,VA,22102
1,TRES-90J-7,TRESPASSING - UNLAWFUL ENTRY,2024-11-19,1742,5900 RICHMOND HWY,ALEXANDRIA,VA,22303
1,SUSP-1,SUSPICIOUS - EVENT,2024-11-19,1853,4300 CHANTILLY SHOPPING CTR,CHANTILLY,VA,20151
1,LARC-23-9,LARCENY -  ALL OTHER LARCENY,2024-11-19,1821,2600 WAGON DR,ALEXANDRIA,VA,22303
1,SERV-32,SERVICE - STOLEN AUTO RECOVERY OTHER JURISDICTION,2024-11-19,1820, FRONTIER DR RAMP TO RT289 EB,SPRINGFIELD,VA,22150
1,ANML-90Z-6,ANIMAL - ANIMAL BITE - DOMESTIC,2024-11-19,1600, DEBORANN CT / POWDER HORN RD,SPRINGFIELD,VA,22152
2,ANML-90Z-3,ANIMAL - LICENSE VIOLATION,2024-11-19,1600, DEBORANN CT / POWDER HORN RD,SPRINGFIELD,VA,22152
1,LARC-23-3,LARCENY - SHOPLIFTING,2024-11-19,1915,2900 ARLINGTON DR,ALEXANDRIA,VA,22306
1,SERV-1,SERVICE - POLICE SERVICE,2024-11-19,1755,7700 LAFAYETTE FOREST DR,ANNANDALE,VA,22003
1,SERV-1,SERVICE - POLICE SERVICE,2024-11-19,1915,12900 FAIR LAKES SHOPPING CTR,FAIRFAX,VA,22033
1,SERV-1,SERVICE - POLICE SERVICE,2024-11-19,1723,2900 CHAIN BRIDGE RD,OAKTON,VA,22124
1,SERV-29,SERVICE - DOMESTIC DISPUTE,2024-11-19,1908,2100 MAGER DR,HERNDON,VA,20170
1,AUTO-240-6,AUTO THEFT - OTHER VEHICLES,2024-11-19,1748,7200 PARKWOOD CT,FALLS CHURCH,VA,22042
1,LARC-23-3,LARCENY - SHOPLIFTING,2024-11-19,1938,6800 RICHMOND HWY,ALEXANDRIA,VA,22306
1,TRES-90J-1,TRESPASSING - PRIVATE PROPERTY,2024-11-19,1810,3300 WILTON CREST CT,ALEXANDRIA,VA,22310
1,AUTO-240-4,AUTO THEFT - AUTOS,2024-11-19,1457,8400 ROUTE 29,FAIRFAX,VA,22031
1,LARC-23-3,LARCENY - SHOPLIFTING,2024-11-19,1658,11600 PLAZA AMERICA DR,RESTON,VA,20190
1,SERV-11,SERVICE - NATURAL DEATH,2024-11-19,1855,13500 GRANITE ROCK DR,CHANTILLY,VA,20151
1,TRES-90J-1,TRESPASSING - PRIVATE PROPERTY,2024-11-19,1630,5800 GOVERNORS HILL DR,ALEXANDRIA,VA,22310
2,ASSLT-13B-1,ASSAULT - SIMPLE; NOT AGGRAVATED,2024-11-19,1954,4200 ALCOTT ST,ALEXANDRIA,VA,22309
1,ASSLT-13A-1,ASSAULT - AGGRAVATED,2024-11-19,1954,4200 ALCOTT ST,ALEXANDRIA,VA,22309
2,FRAUD-26B-1,FRAUD - CREDIT CARD/AUTOMATED TELLER MACHINE FRAUD,2024-11-19,1615,7500 COLONEL LINDSAY DR,FALLS CHURCH,VA,22043
1,LARC-23-9,LARCENY -  ALL OTHER LARCENY,2024-11-19,1615,7500 COLONEL LINDSAY DR,FALLS CHURCH,VA,22043
1,LARC-23-6,LARCENY - THEFT FROM MOTOR VEHICLE,2024-11-19,1736,5800 GOVERNORS HILL DR,ALEXANDRIA,VA,22310
1,SERV-9,SERVICE - OPEN DOOR,2024-11-19,2026,1700 CLUBHOUSE RD,RESTON,VA,20190
1,SUSP-2,SUSPICIOUS - PERSON,2024-11-19,1950,10900 KEYS CT,FAIRFAX,VA,22032
1,SERV-1,SERVICE - POLICE SERVICE,2024-11-19,1737,7800 CARRLEIGH PKWY,SPRINGFIELD,VA,22152
1,SERV-29,SERVICE - DOMESTIC DISPUTE,2024-11-19,2120,13800 ASHINGTON CT,CENTREVILLE,VA,20120
1,SERV-37,SERVICE - MISSING JUVENILE,2024-11-19,1930,14400 SAGUARO PL,CENTREVILLE,VA,20121
1,ABC-90G-10,ABC - DRINKING/TENDING ALCOHOL IN PUBLIC,2024-11-19,2219,4200 AIRLINE PKWY,CHANTILLY,VA,20151
1,SERV-47,SERVICE - NON-FATAL OVERDOSE (NFO),2024-11-19,2209,6700 TOWER DR,ALEXANDRIA,VA,22306
1,SERV-29,SERVICE - DOMESTIC DISPUTE,2024-11-19,2245,5000 MCFARLAND DR,FAIRFAX,VA,22032
1,WARR-90Z-4,WARRANT - WARRANT SERVICE,2024-11-19,1654,6200 LITTLE RIVER TPKE,ALEXANDRIA,VA,22312
1,ASSLT-13B-1,ASSAULT - SIMPLE; NOT AGGRAVATED,2024-11-19,1955,5900 RICHMOND HWY,ALEXANDRIA,VA,22303
1,SERV-1,SERVICE - POLICE SERVICE,2024-11-19,2239,2500 PARKERS LN,ALEXANDRIA,VA,22306
1,ASSLT-13B-1,ASSAULT - SIMPLE; NOT AGGRAVATED,2024-11-19,2249,14100 AUTUMN CIR,CENTREVILLE,VA,20121
1,ASSLT-13B-1,ASSAULT - SIMPLE; NOT AGGRAVATED,2024-11-19,2237,6300 FALLING BROOK DR,BURKE,VA,22015
1,SERV-1,SERVICE - POLICE SERVICE,2024-11-19,2346, I95 LOCAL NB / I95 NB THRU HWY NB,FAIRFAX,VA,
1,SERV-29,SERVICE - DOMESTIC DISPUTE,2024-11-19,2357,12400 CLIFF EDGE DR,HERNDON,VA,20170
1,SUSP-1,SUSPICIOUS - EVENT,2024-11-19,2340,8200 PERIDOT DR,MCLEAN,VA,22102
1,WARR-90Z-4,WARRANT - WARRANT SERVICE,2024-11-19,2356,2200 HUNTINGTON AVE,ALEXANDRIA,VA,22303
1,SERV-29,SERVICE - DOMESTIC DISPUTE,2024-11-19,2330,12500 CLIFF EDGE DR,HERNDON,VA,20170
1,SUSP-1,SUSPICIOUS - EVENT,2024-11-19,0544,6900 ALLEN PARK RD,LORTON,VA,22079
1,AUTO-240-4,AUTO THEFT - AUTOS,2024-11-19,1700,6300 SAINT TIMOTHYS LN,CENTREVILLE,VA,20121
1,SERV-1,SERVICE - POLICE SERVICE,2024-11-19,0902,6500 QUANDER RD,ALEXANDRIA,VA,22307
2,SERV-45,SRO RELATED EVENT,2024-11-19,0902,6500 QUANDER RD,ALEXANDRIA,VA,22307
1,LARC-23-6,LARCENY - THEFT FROM MOTOR VEHICLE,2024-11-19,1700,2200 MONAGHAN DR,HERNDON,VA,20170
1,ANML-90Z-6,ANIMAL - ANIMAL BITE - DOMESTIC,2024-11-19,1113,1700 QUIETREE DR,RESTON,VA,20194
1,ANML-90Z-6,ANIMAL - ANIMAL BITE - DOMESTIC,2024-11-19,1129,12900 ALTON SQ,HERNDON,VA,20170
1,ANML-90Z-6,ANIMAL - ANIMAL BITE - DOMESTIC,2024-11-19,1203,1600 LA SALLE AVE,MCLEAN,VA,22102
1,LARC-23-7,LARCENY - THEFT OF MOTOR VEHICLE PARTS,2024-11-19,2130,6000 MARSHAM CT,ALEXANDRIA,VA,22315
1,LARC-23-3,LARCENY - SHOPLIFTING,2024-11-19,1207,5100 LEESBURG PIKE,FALLS CHURCH,VA,22041
1,ANML-90Z-6,ANIMAL - ANIMAL BITE - DOMESTIC,2024-11-19,1416,6000 BROOK DR,FALLS CHURCH,VA,22044
1,LARC-23-9,LARCENY -  ALL OTHER LARCENY,2024-11-19,1359,11900 BOWMAN TOWNE DR,RESTON,VA,20190
1,LARC-23-3,LARCENY - SHOPLIFTING,2024-11-19,2008,11100 SOUTH LAKES DR,RESTON,VA,20191
1,EXTOR-210-1,EXTORTION/BLACKMAIL,2024-11-19,2020,14500 ROUTE 50,CHANTILLY,VA,20151
1,SERV-23,SERVICE - MISSING ADULT,2024-11-20,0017,3300 GALLOWS RD,FALLS CHURCH,VA,22042
1,SERV-29,SERVICE - DOMESTIC DISPUTE,2024-11-20,0107, MONUMENT DR / WEST OX RD,FAIRFAX,VA,22033
1,ASSLT-13B-1,ASSAULT - SIMPLE; NOT AGGRAVATED,2024-11-20,0209,6500 RIEFTON CT,ALEXANDRIA,VA,22310
1,SERV-29,SERVICE - DOMESTIC DISPUTE,2024-11-20,0238,8800 BURBANK RD,ANNANDALE,VA,22003
1,SERV-29,SERVICE - DOMESTIC DISPUTE,2024-11-20,0324,1500 SPRING HILL RD,VIENNA,VA,22182
1,SERV-1,SERVICE - POLICE SERVICE,2024-11-20,0338,6800 BROYHILL ST,MCLEAN,VA,22101
1,WARR-90Z-4,WARRANT - WARRANT SERVICE,2024-11-20,0426,7900 AUDUBON AVE,ALEXANDRIA,VA,22306
1,SERV-29,SERVICE - DOMESTIC DISPUTE,2024-11-20,0629,2100 CARTWRIGHT PL,RESTON,VA,20191
1,SUSP-1,SUSPICIOUS - EVENT,2024-11-20,0652,10800 OAKCREST CT,FAIRFAX,VA,22030
1,ANML-90Z-6,ANIMAL - ANIMAL BITE - DOMESTIC,2024-11-20,0913,4900 STONECROFT BLVD,CHANTILLY,VA,20120
1,FRAUD-26C-1,FRAUD - IMPERSONATION,2024-11-20,0940,4000 CHAMPIONSHIP DR,ANNANDALE,VA,22003
1,LARC-23-7,LARCENY - THEFT OF MOTOR VEHICLE PARTS,2024-11-20,0610,6000 STODDARD CT,ALEXANDRIA,VA,22315
1,SERV-6,SERVICE - ANIMAL DESTROYED BY SERVICE WEAPON,2024-11-20,0909,2900 GRAY ST,OAKTON,VA,22124
1,LARC-23-3,LARCENY - SHOPLIFTING,2024-11-20,0959,7400 LITTLE RIVER TPKE,ANNANDALE,VA,22003
2,SERV-45,SRO RELATED EVENT,2024-11-20,0920,4200 STRINGFELLOW RD,FAIRFAX,VA,22033
1,WARR-90Z-4,WARRANT - WARRANT SERVICE,2024-11-20,0956,6100 FRANCONIA RD,ALEXANDRIA,VA,22310
1,LARC-23-3,LARCENY - SHOPLIFTING,2024-11-20,1018,8000 TYSONS CORNER CTR,MCLEAN,VA,22102
1,SERV-39,SERVICE - AVI THREAT SCHOOL,2024-11-20,1048,13300 LELAND RD,CENTREVILLE,VA,20120
1,SUSP-1,SUSPICIOUS - EVENT,2024-11-20,1053,13900 MANSARDE AVE,HERNDON,VA,20171
1,TRES-90J-1,TRESPASSING - PRIVATE PROPERTY,2024-11-20,1118,5500 LEESBURG PIKE,FALLS CHURCH,VA,22041
1,SERV-29,SERVICE - DOMESTIC DISPUTE,2024-11-20,1132,13800 BRADDOCK SPRINGS RD,CENTREVILLE,VA,20121
1,SERV-8,SERVICE - LOST/FOUND PROPERTY,2024-11-20,0937,4800 BRISTOW DR,ANNANDALE,VA,22003
1,SERV-1,SERVICE - POLICE SERVICE,2024-11-20,1152,5800 LEESBURG PIKE,FALLS CHURCH,VA,22041
1,SERV-1,SERVICE - POLICE SERVICE,2024-11-20,1046,2800 GREENWAY BLVD,FALLS CHURCH,VA,22042
1,ANML-3,ANIMAL - SERVICE - DOMESTIC,2024-11-20,1113,2900 LABELLA WALK,FALLS CHURCH,VA,22042
1,LARC-23-3,LARCENY - SHOPLIFTING,2024-11-20,1140,6900 BRADLICK SHOPPING CTR,ANNANDALE,VA,22003
1,SERV-1,SERVICE - POLICE SERVICE,2024-11-20,1143,9600 BURKE LAKE RD,BURKE,VA,22015
1,LARC-23-3,LARCENY - SHOPLIFTING,2024-11-20,1130,6000 BURKE COMMONS RD,BURKE,VA,22015
1,SERV-8,SERVICE - LOST/FOUND PROPERTY,2024-11-20,1223,13300 LELAND RD,CENTREVILLE,VA,20120
1,SERV-5,SERVICE - ANIMAL DESTROYED BY CHEMICAL,2024-11-20,1148,14100 STARBIRD CT,CENTREVILLE,VA,20121
1,LARC-23-3,LARCENY - SHOPLIFTING,2024-11-20,1207,5900 RICHMOND HWY,ALEXANDRIA,VA,22303
1,WARR-90Z-4,WARRANT - WARRANT SERVICE,2024-11-20,1242,12000 GOVERNMENT CENTER PKWY,FAIRFAX,VA,22035
1,ANML-90Z-3,ANIMAL - LICENSE VIOLATION,2024-11-20,1136,6000 TRAILSIDE DR,SPRINGFIELD,VA,22150
2,ANML-3,ANIMAL - SERVICE - DOMESTIC,2024-11-20,1136,6000 TRAILSIDE DR,SPRINGFIELD,VA,22150
1,WARR-90Z-4,WARRANT - WARRANT SERVICE,2024-11-20,1232,13100 PARCHER AVE,HERNDON,VA,20170
1,PARK-90Z-2,PARKING - OTHER PARKING VIOLATION,2024-11-20,1241,6200 8TH ST,ALEXANDRIA,VA,22312
1,DEST-290-2,DESTRUCTION - PRIVATE PROPERTY,2024-11-20,1309,5300 HAMPTON FOREST WAY,FAIRFAX,VA,22030
1,ANML-90Z-6,ANIMAL - ANIMAL BITE - DOMESTIC,2024-11-20,1316,13800 METROTECH DR,CHANTILLY,VA,20151
2,ANML-90Z-3,ANIMAL - LICENSE VIOLATION,2024-11-20,1316,13800 METROTECH DR,CHANTILLY,VA,20151
1,LARC-23-3,LARCENY - SHOPLIFTING,2024-11-20,1114,6600 FRONTIER DR,SPRINGFIELD,VA,22150
1,DEST-290-2,DESTRUCTION - PRIVATE PROPERTY,2024-11-20,1314,11600 VANTAGE HILL RD,RESTON,VA,20190
1,DEST-290-7,DESTRUCTION - GRAFFITI,2024-11-20,1322,2200 SPRINGWOOD DR,RESTON,VA,20191
1,ANML-90Z-6,ANIMAL - ANIMAL BITE - DOMESTIC,2024-11-20,1359,1800 CAMERON GLEN DR,RESTON,VA,20190
1,LARC-23-9,LARCENY -  ALL OTHER LARCENY,2024-11-20,1350,2900 FARMINGTON DR,ALEXANDRIA,VA,22303
1,ASSLT-13B-1,ASSAULT - SIMPLE; NOT AGGRAVATED,2024-11-20,1503,3600 BARCROFT VIEW TER,FALLS CHURCH,VA,22041
2,SUSP-1,SUSPICIOUS - EVENT,2024-11-20,1453, RIDGE HEIGHTS RD / SOUTH LAKES DR,RESTON,VA,20191
1,LARC-23-3,LARCENY - SHOPLIFTING,2024-11-20,1544,3500 SOUTH JEFFERSON ST,FALLS CHURCH,VA,22041
1,SUSP-1,SUSPICIOUS - EVENT,2024-11-20,1549, INGLISH MILL DR / PENSIVE LN,GREAT FALLS,VA,22066
2,SERV-24,SERVICE - JAIL DIVERSION,2024-11-20,1517,4000 MOSS DR,ANNANDALE,VA,22003
1,SUSP-1,SUSPICIOUS - EVENT,2024-11-20,1604,5900 RICHMOND HWY,ALEXANDRIA,VA,22303
1,SERV-33,SERVICE - NON DMV REPORTABLE CRASH,2024-11-20,1630,9600 LINCOLNWOOD DR,BURKE,VA,22015
1,SUSP-1,SUSPICIOUS - EVENT,2024-11-20,1506,12700 FAIR LAKES CIR,FAIRFAX,VA,22033
1,ASSLT-13B-1,ASSAULT - SIMPLE; NOT AGGRAVATED,2024-11-20,1602,2300 FREETOWN CT,RESTON,VA,20191
1,LARC-23-3,LARCENY - SHOPLIFTING,2024-11-20,1654,3400 CARLIN SPRINGS RD,FALLS CHURCH,VA,22041
1,SUSP-1,SUSPICIOUS - EVENT,2024-11-20,0020,14600 PAN AM AVE,CHANTILLY,VA,20151
2,SERV-45,SRO RELATED EVENT,2024-11-20,0020,14600 PAN AM AVE,CHANTILLY,VA,20151
1,LARC-23-3,LARCENY - SHOPLIFTING,2024-11-20,1744,12100 SUNSET HILLS RD,RESTON,VA,20190
1,ANML-4,ANIMAL - SERVICE - WILD,2024-11-20,1535,9900 WHITEWATER DR,BURKE,VA,22015
1,ANML-90Z-7,ANIMAL - OTHER ANIMAL CODE VIOLATION,2024-11-20,1720,7400 ELGAR ST,SPRINGFIELD,VA,22151
2,ANML-90Z-3,ANIMAL - LICENSE VIOLATION,2024-11-20,1720,7400 ELGAR ST,SPRINGFIELD,VA,22151
1,LARC-23-3,LARCENY - SHOPLIFTING,2024-11-20,1738,3500 SOUTH JEFFERSON ST,FALLS CHURCH,VA,22041
1,SERV-1,SERVICE - POLICE SERVICE,2024-11-20,1607,3300 WILLOW CRESCENT DR,FAIRFAX,VA,22030
1,ANML-3,ANIMAL - SERVICE - DOMESTIC,2024-11-20,1801, FLAGPOLE LN / SILVERSTONE CT,OAKTON,VA,22124
2,DRUNK-90Z-1,DRUNK - DRUNK/PROFANE IN PUBLIC,2024-11-20,1802,14200 CENTREVILLE SQ,CENTREVILLE,VA,20121
1,TRES-90J-1,TRESPASSING - PRIVATE PROPERTY,2024-11-20,1802,14200 CENTREVILLE SQ,CENTREVILLE,VA,20121
1,SERV-11,SERVICE - NATURAL DEATH,2024-11-20,1726,2500 EAST MEREDITH DR,VIENNA,VA,22181
1,SERV-2,SERVICE - CIVIL DISPUTE,2024-11-20,1627,4200 DUVAWN ST,ALEXANDRIA,VA,22310
1,LARC-23-3,LARCENY - SHOPLIFTING,2024-11-20,1740,8600 RICHMOND HWY,ALEXANDRIA,VA,22309
1,LARC-23-3,LARCENY - SHOPLIFTING,2024-11-20,1615,3300 GLEN CARLYN DR,FALLS CHURCH,VA,22041
1,ASSLT-13B-1,ASSAULT - SIMPLE; NOT AGGRAVATED,2024-11-20,1500,2400 RIVER BIRCH RD,HERNDON,VA,20171
1,SERV-1,SERVICE - POLICE SERVICE,2024-11-20,1852,13000 FAIR LAKES SHOPPING CTR,FAIRFAX,VA,22033
1,DISORD-90C-2,DISORDERLY - DISORDERLY CONDUCT,2024-11-20,1812,5200 LEESBURG PIKE,FALLS CHURCH,VA,22041
1,SERV-33,SERVICE - NON DMV REPORTABLE CRASH,2024-11-20,1826,11800 MONUMENT DR,FAIRFAX,VA,22035
1,ASSLT-13A-2,ASSAULT - KNIFE OR CUTTING INSTRUMENT,2024-11-20,1544,6100 CLEARBROOK DR,SPRINGFIELD,VA,22150
1,SUSP-2,SUSPICIOUS - PERSON,2024-11-20,1738,6400 PADDINGTON CT,CENTREVILLE,VA,20121
1,AUTO-240-4,AUTO THEFT - AUTOS,2024-11-20,1851,6700 RICHMOND HWY,ALEXANDRIA,VA,22306
1,SUSP-2,SUSPICIOUS - PERSON,2024-11-20,1840,5900 AUGUSTA DR,SPRINGFIELD,VA,22150
1,SERV-1,SERVICE - POLICE SERVICE,2024-11-20,1819,2500 PARKERS LN,ALEXANDRIA,VA,22306
1,SUSP-1,SUSPICIOUS - EVENT,2024-11-20,1222,7000 ORIOLE AVE,SPRINGFIELD,VA,22150
1,ASSLT-13B-1,ASSAULT - SIMPLE; NOT AGGRAVATED,2024-11-20,1824,5700 VILLAGE GREEN DR,ALEXANDRIA,VA,22309
1,SERV-29,SERVICE - DOMESTIC DISPUTE,2024-11-20,1649,5700 SEMINARY RD,FALLS CHURCH,VA,22041
1,LARC-23-9,LARCENY -  ALL OTHER LARCENY,2024-11-20,1300,11400 GREEN MOOR LN,OAKTON,VA,22124
1,ASSLT-13B-1,ASSAULT - SIMPLE; NOT AGGRAVATED,2024-11-20,1753,7000 SKYLES WAY,SPRINGFIELD,VA,22151
1,SERV-1,SERVICE - POLICE SERVICE,2024-11-20,1959,7800 RECTORY LN,ANNANDALE,VA,22003
1,BURG-220-3,BURGLARY/BREAKING AND ENTERING,2024-11-20,0700,5300 REMINGTON DR,ALEXANDRIA,VA,22309
2,DEST-290-2,DESTRUCTION - PRIVATE PROPERTY,2024-11-20,0700,5300 REMINGTON DR,ALEXANDRIA,VA,22309
1,SERV-1,SERVICE - POLICE SERVICE,2024-11-20,2039,8700 COOPER RD,ALEXANDRIA,VA,22309
1,ASSLT-13B-1,ASSAULT - SIMPLE; NOT AGGRAVATED,2024-11-20,2026, GREENVILLE PL / HANOVER AVE,SPRINGFIELD,VA,22150
1,ROB-120-6,ROBBERY - COMMERCIAL,2024-11-20,2028,5700 COLUMBIA PIKE,FALLS CHURCH,VA,22041
2,LARC-23-3,LARCENY - SHOPLIFTING,2024-11-20,2028,5700 COLUMBIA PIKE,FALLS CHURCH,VA,22041
2,ASSLT-13B-1,ASSAULT - SIMPLE; NOT AGGRAVATED,2024-11-20,1830,2500 REMINGTON ST,FALLS CHURCH,VA,22043
3,BURG-220-3,BURGLARY/BREAKING AND ENTERING,2024-11-20,1830,2500 REMINGTON ST,FALLS CHURCH,VA,22043
1,ABDCT-100-1,ABDUCTION - KIDNAPPING/ABDUCTION,2024-11-20,1830,2500 REMINGTON ST,FALLS CHURCH,VA,22043
4,DEST-290-2,DESTRUCTION - PRIVATE PROPERTY,2024-11-20,1830,2500 REMINGTON ST,FALLS CHURCH,VA,22043
6,DRUNK-90Z-1,DRUNK - DRUNK/PROFANE IN PUBLIC,2024-11-20,1830,2500 REMINGTON ST,FALLS CHURCH,VA,22043
5,ABC-90G-8,ABC - ILLEGAL POSSESSION ALCOHOL,2024-11-20,1830,2500 REMINGTON ST,FALLS CHURCH,VA,22043
1,LARC-23-9,LARCENY -  ALL OTHER LARCENY,2024-11-20,1909,6400 SPRINGFIELD PLZ,SPRINGFIELD,VA,22150
1,SUSP-1,SUSPICIOUS - EVENT,2024-11-20,1200,3100 SOUTH MANCHESTER ST,FALLS CHURCH,VA,22044
1,ASSLT-13A-1,ASSAULT - AGGRAVATED,2024-11-20,1929,3000 CHAIN BRIDGE RD,OAKTON,VA,22124
1,WARR-90Z-4,WARRANT - WARRANT SERVICE,2024-11-20,2124,6200 LITTLE RIVER TPKE,ALEXANDRIA,VA,22312
1,SERV-1,SERVICE - POLICE SERVICE,2024-11-20,1634,7400 JAYHAWK ST,ANNANDALE,VA,22003
1,PORN-370-1,PORN - CHILD - POSSESSION,2024-11-20,1451,2900 KINGS CHAPEL RD,FALLS CHURCH,VA,22042
1,LARC-23-4,LARCENY - THEFT FROM BUILDING,2024-11-20,2132,2300 FREETOWN CT,RESTON,VA,20191
1,SERV-9,SERVICE - OPEN DOOR,2024-11-20,2205,5800 LEESBURG PIKE,FALLS CHURCH,VA,22041
1,DEST-290-6,DESTRUCTION - OTHER,2024-11-20,1200,3500 CARLIN SPRINGS RD,FALLS CHURCH,VA,22041
1,SERV-32,SERVICE - STOLEN AUTO RECOVERY OTHER JURISDICTION,2024-11-20,2039,12200 FAIRFIELD HOUSE DR,FAIRFAX,VA,22033
1,SERV-29,SERVICE - DOMESTIC DISPUTE,2024-11-20,2211,6300 ZEKAN LN,SPRINGFIELD,VA,22150
1,SERV-29,SERVICE - DOMESTIC DISPUTE,2024-11-20,2157,4600 JOHN TYLER CT,ANNANDALE,VA,22003
1,SERV-1,SERVICE - POLICE SERVICE,2024-11-20,2227, FOX MILL RD / FRYING PAN RD,HERNDON,VA,20171
1,ASSLT-13B-1,ASSAULT - SIMPLE; NOT AGGRAVATED,2024-11-20,1800,5300 LAURA BELLE LN,FAIRFAX,VA,22032
2,SERV-48,SERVICE - ESRO (EMERGENCY SUBSTANTIAL RISK ORDER),2024-11-20,1800,5300 LAURA BELLE LN,FAIRFAX,VA,22032
1,SERV-29,SERVICE - DOMESTIC DISPUTE,2024-11-20,2304,5900 HIGHDALE CIR,ALEXANDRIA,VA,22310
1,WEAP-520-1,WEAPONS - CONCEALED WEAPON VIOLATION,2024-11-20,2331,4500 BROOKFIELD CORPORATE DR,CHANTILLY,VA,20151
2,SUSP-2,SUSPICIOUS - PERSON,2024-11-20,2342,6100 LEESBURG PIKE,FALLS CHURCH,VA,22044
1,LARC-23-9,LARCENY -  ALL OTHER LARCENY,2024-11-20,0820,4200 STRINGFELLOW RD,FAIRFAX,VA,22033
2,SERV-45,SRO RELATED EVENT,2024-11-20,0820,4200 STRINGFELLOW RD,FAIRFAX,VA,22033
1,ASSLT-13B-1,ASSAULT - SIMPLE; NOT AGGRAVATED,2024-11-21,0023,4100 WADSWORTH CT,ANNANDALE,VA,22003
1,SERV-29,SERVICE - DOMESTIC DISPUTE,2024-11-21,0218,7800 LEWIS CHAPEL CIR,LORTON,VA,22079
1,SUSP-1,SUSPICIOUS - EVENT,2024-11-21,0227,6000 RICHMOND HWY,ALEXANDRIA,VA,22307
1,SERV-1,SERVICE - POLICE SERVICE,2024-11-21,0617,2500 GLENLAWN PL,HERNDON,VA,20171
